client_id,age,income,satisfaction_score,treatment,churned
1,54,42213.10328068318,9.024455457845393,0,0
2,59,34434.40792723735,2.1737421697836155,0,0
3,48,27382.48678088399,7.541043087047317,1,0
4,28,52999.37558546255,8.82401474331769,1,0
5,71,46903.667555392814,6.023874640680388,1,1
6,38,68685.52396017902,2.8864717314944484,1,1
7,47,33873.85246740617,6.994594154877081,0,1
8,68,25284.0372458898,6.119367151592469,0,0
9,25,54743.941286404995,9.348016765210543,1,1
10,62,63639.82349118969,2.909721070190992,0,1
11,47,46792.9683347177,8.773416807663544,0,1
12,59,38061.358209417616,9.507284986824335,1,0
13,56,38571.11382236352,9.559657346193328,0,0
14,52,20176.300129322633,7.7956187338896665,0,1
15,55,63688.92595936721,7.510875576660884,0,0
16,70,34808.83529401727,9.990568228550975,1,0
17,25,64121.29855761414,5.882831409138181,0,1
18,45,47238.2907488308,4.793455726712155,1,1
19,69,72417.33299959131,1.4809750571814502,0,1
20,50,60189.365305447085,6.612524149121486,0,0
21,57,29638.72661757379,8.446315933883785,1,0
22,48,35218.064296332086,5.3953982020520685,0,0
23,55,36561.84202215819,5.802806098631934,0,1
24,27,38615.146270113415,4.983271812181226,0,0
25,53,79659.16214588602,2.232911412619413,0,0
26,34,43747.648551030354,5.265010155154293,1,0
27,28,55264.10656627326,8.592045426412165,1,0
28,37,49805.50151322963,5.02229719323015,1,0
29,72,46524.067697714716,2.547983292156503,0,0
30,69,57914.897305851846,7.5946308802775215,0,0
31,32,30180.685092300955,8.949220165846905,0,0
32,53,25643.822900690793,4.238548622448339,1,0
33,66,59408.418594595765,5.483974648631811,1,0
34,34,38229.97982711323,3.6897737673225044,0,0
35,42,64304.62774124874,3.799048064502015,0,0
36,29,78366.05616539315,4.92478723690582,1,1
37,29,63295.49912541828,8.29241283702303,1,1
38,68,52691.42533617238,8.80110649235462,0,0
39,71,35894.22289414893,2.782646936958815,1,1
40,42,65333.16315197831,4.105737463403997,1,0
41,63,64444.02201129903,7.941095208860231,1,0
42,60,51441.95688813954,9.404454186485491,0,0
43,42,58577.31536441338,5.605771431261161,1,1
44,61,17145.338703001682,3.2464916232725494,0,0
45,36,50012.01986608594,6.631661750438061,0,0
46,66,58991.072016560334,2.178365912679384,0,0
47,72,42198.86711446668,1.8703428681639278,0,0
48,47,66062.25789313819,7.665065232045299,0,0
49,39,34590.22895578657,2.732518045496684,0,0
50,53,47596.06060038808,7.077257137586593,1,0
51,48,38650.51054360338,8.92894890661276,1,0
52,47,47147.34506706395,9.886299727080074,0,1
53,26,86434.75729374154,6.924176425951666,0,0
54,45,43453.56612754289,6.959851254386515,1,0
55,29,51906.5350244036,7.536498057429673,0,0
56,52,55524.045521880966,2.8114238678051318,0,0
57,59,41100.06127961376,5.357989909153133,0,0
58,48,44725.63379085887,1.50152833484788,0,0
59,30,54985.407458210655,5.65791728068237,0,0
60,47,42969.62617800515,6.391447988322507,0,0
61,49,59234.64674060568,4.679628359908892,0,1
62,71,30555.710670933724,6.114831912277232,0,1
63,52,42703.678467297184,4.183617903722451,0,0
64,41,51128.61401071679,2.8461042109325585,0,0
65,60,56103.511610593814,7.436705587722866,0,1
66,60,52236.86456589872,2.1121907851140778,0,0
67,51,43327.13939207915,9.909772835314982,1,1
68,60,41592.74893349008,6.898793530993163,1,0
69,43,78660.69567559197,2.756582601521721,1,1
70,57,68364.11754230381,8.639297302541175,0,0
71,25,53020.287667316596,5.080247555660672,0,1
72,57,55528.97744689436,1.425212321735044,1,1
73,26,63103.89359168423,2.5357398951497103,1,0
74,56,47840.73201602127,1.2388383853675142,0,0
75,38,67074.77811845219,6.017741106104834,1,0
76,56,62822.518560504934,5.499115478024667,1,1
77,50,48070.209531767214,3.3116064665108764,0,0
78,72,37136.69996445332,3.5378772289595672,0,1
79,25,53254.953846568525,3.326690079009286,1,0
80,53,29808.165962408555,9.677422061257253,0,0
81,60,56118.138310108705,6.372192562665881,0,1
82,73,62666.60528531615,5.758756610784586,1,1
83,40,71681.45839424722,5.297206179653629,1,0
84,67,51602.27112382023,4.960449985774134,0,1
85,46,57865.92743524015,6.882443133032279,0,1
86,34,47729.66508299951,9.787425657026866,0,0
87,69,81268.60103831106,5.342434256324568,1,0
88,60,88356.2521807581,9.611534379750074,1,0
89,72,66214.90858636227,7.351318245237451,1,0
90,67,40095.752971470596,8.88778001213711,0,0
91,26,65386.82568004169,9.347626382872381,1,0
92,44,27230.84786092216,6.554973734670063,0,0
93,72,56572.42259978716,4.7659184690761744,1,0
94,51,58080.50113112107,3.0902948864748345,0,0
95,73,31281.92067023614,5.4409913374029335,0,0
96,52,54167.949426965424,2.4455585425452906,0,1
97,41,48621.94042762668,6.051736143274269,0,0
98,50,33352.10098872421,8.014905748605624,0,0
99,60,53565.40521105243,5.320105864734493,0,1
100,36,76889.40390475834,4.86699115977124,1,0
101,41,46060.72559824118,3.664377103018597,1,0
102,44,53247.06884869192,6.87327081148093,0,0
103,63,33696.98629248234,2.0101315320841073,0,0
104,64,66536.84918882958,4.6326715487264645,0,1
105,54,19357.888485714477,4.685044996611241,0,0
106,69,65028.044257505666,4.0942104564846815,0,0
107,37,49879.8533508611,2.6511910482767815,1,0
108,33,59009.82960902421,1.8947679485589086,1,1
109,49,55843.852706169935,3.8173994936373434,1,1
110,57,70556.84581850193,2.872002828617489,0,1
111,34,58749.31674281664,8.707175828010667,1,0
112,41,70394.74793629235,4.138073173658249,1,1
113,46,54287.01063094112,7.373642987333265,1,1
114,73,61104.55045362584,8.983739028922663,0,1
115,67,57940.1747948547,9.847578526951658,0,1
116,27,52327.39553123219,4.652501829448931,0,0
117,53,26520.676942689977,3.1357802022925427,0,0
118,31,56702.61113707017,3.949136414138557,1,0
119,60,54955.56494833851,7.162117152102617,0,0
120,37,33708.19302722518,1.7522541603111477,0,0
121,32,14188.812276556833,7.371288487939922,1,0
122,32,62480.129015571045,5.474821260611042,0,1
123,41,65067.19281001836,1.4880125449597106,1,0
124,46,35956.62960338523,8.406231199100752,0,1
125,62,39179.34578759774,8.45173161647703,0,0
126,31,59189.485951512484,6.351753895260684,0,0
127,63,68589.66213474792,2.859028707519749,0,0
128,31,55980.10643080549,8.81108343099013,0,0
129,29,45318.82724985021,5.541308916411944,1,0
130,47,84942.77524207266,7.542896756171253,1,0
131,45,68269.3865548356,1.2954517956589355,0,1
132,45,56333.92104645095,4.387175521869063,0,1
133,55,26353.279729237704,5.655884197512524,0,0
134,49,34713.79388564364,8.15463054154689,0,0
135,35,60407.0466598066,2.263702161176443,1,1
136,71,49945.3218665551,5.13873608853035,1,1
137,33,34831.737424689374,8.176275336532449,1,0
138,52,50385.07946280957,6.005865316255786,1,0
139,36,76019.280912733,8.438296542171004,1,0
140,37,64229.40484078964,4.934880050242159,0,1
141,50,54496.14715160885,6.143927797669716,0,0
142,67,73840.42117999255,4.255020264486191,1,1
143,36,48912.90595322815,1.520341322831392,0,0
144,37,55544.65880295652,7.918905401708314,0,0
145,69,50848.40644696656,1.2692960805460993,0,0
146,44,41338.37691000373,7.712112813190052,1,0
147,43,44060.32811118735,4.303809517798662,0,0
148,65,44531.510023123235,4.000466830193849,1,1
149,67,43297.911563012705,4.193832267780767,1,0
150,52,32988.94698025167,2.9422938828049503,0,0
151,71,49825.79670165673,5.303616717499064,0,1
152,47,49417.767466352045,9.129417076364637,1,1
153,33,45207.9794385994,8.774475071914416,0,0
154,27,70903.05420563387,1.2724289801937436,0,0
155,40,69148.96011998536,3.8535559350755184,1,1
156,34,72722.89299279313,7.080947676273744,1,0
157,72,50744.177009158855,1.6673901406007887,0,0
158,47,30185.159023378856,8.176966878331822,0,0
159,53,62433.63292202174,5.263246128835049,1,1
160,50,55494.55461589444,7.231884867136776,1,0
161,44,12147.081335835755,6.66991666383456,0,0
162,39,62691.76170936557,6.6589568703977156,0,0
163,50,74061.30517129824,8.874345785794176,0,0
164,56,53802.1998361148,8.91215511926144,1,1
165,45,44516.434395578195,6.066796560336183,0,0
166,63,64885.712480981565,6.0919438394571515,0,1
167,25,44661.71702660913,7.645852894051352,0,0
168,48,33205.58023766679,6.773527275855598,0,0
169,74,37789.60145991086,2.8773655069474087,1,0
170,52,50573.98810222256,1.4238953904651834,0,1
171,42,41437.50796893325,9.33288169675337,1,0
172,29,63984.929964025585,5.431749332979087,0,0
173,29,55172.66094543047,2.457973814768787,1,0
174,51,36413.876083411546,5.642119136046808,0,0
175,70,62621.947753603665,7.627394445686896,0,0
176,65,33353.8547434198,1.452544692669437,1,1
177,65,39482.90218298006,6.566043943742008,0,0
178,29,52010.50060517754,2.521544709412287,0,1
179,60,54819.94159079118,2.1962148422065755,0,0
180,34,63476.353782432234,2.979917446336272,0,0
181,41,45948.83383025669,5.976855240022188,0,0
182,58,38995.59410029427,4.959619395335715,1,1
183,74,63544.79590857812,6.78654446476137,0,0
184,55,57475.17044136462,6.398029822808688,0,0
185,38,69975.07123026994,3.7067787025285437,0,0
186,58,47369.97248818707,1.922156979187427,0,1
187,41,49403.08576238516,3.17335306601308,0,0
188,58,71657.27560563714,8.927111198911657,0,0
189,52,68834.1132834591,8.129903210548289,1,1
190,33,50764.95731535355,4.475133010325826,0,0
191,52,67922.32084740562,3.240250287357729,0,1
192,52,49961.50811975347,9.612532230290926,0,0
193,42,36317.900182876394,3.9926083091152016,0,0
194,28,80108.77971980104,5.123201527784554,1,0
195,70,49902.21422642361,7.698588838823521,0,0
196,54,32433.106705818765,7.933460079281925,0,0
197,63,58091.690911910846,2.2327560352987823,1,0
198,66,38551.96107233963,4.115967626648399,1,1
199,60,57623.22951568626,1.4404942297048384,1,0
200,62,44413.230073443534,5.8753258840466716,1,0
201,71,64446.057252962666,4.020998975201403,1,0
202,45,38187.57409689375,6.979668748947757,0,0
203,62,39380.22800302773,3.3343333715634955,1,1
204,48,49738.701308181095,6.741242289481706,1,1
205,28,45772.13027663657,6.113319260718077,1,1
206,26,66842.54692962611,5.6320340812896,0,0
207,52,62622.245408210656,6.85414852345989,0,0
208,25,45513.25467916293,8.435050326329689,1,1
209,67,57301.09835860631,1.9538245069580076,0,0
210,41,60111.46372059752,6.44746611074255,0,1
211,67,41168.70542928157,1.107631937987804,1,0
212,37,36915.20013650999,8.389486744138631,1,0
213,65,71867.1168790702,1.7013518285823488,1,1
214,44,51249.438915284394,7.214538806499319,1,0
215,38,35089.775325451046,9.716667430432022,0,1
216,38,42636.43085535801,7.022276481765542,0,0
217,72,33835.22359720817,3.9156139833713706,0,0
218,48,13300.175199699283,7.808002658106684,0,0
219,47,50094.58622536585,9.036141216745406,1,0
220,41,38230.70809769057,6.106208554198359,0,0
221,33,37783.429510596055,9.753461423731993,1,0
222,64,66757.86858203962,3.931926620913247,0,0
223,72,24591.232418029773,3.9207703526670765,1,0
224,47,73513.68419207369,5.662624506571768,0,0
225,42,45608.99898883044,9.847273339794162,1,1
226,45,66491.89991738743,8.833943355757924,0,1
227,25,27048.32766726514,4.691142698852176,0,0
228,27,69129.43258557945,5.935465156554032,0,1
229,52,36300.598213189616,4.3138962559466805,0,0
230,53,63156.28238432279,7.751041139567964,0,1
231,46,50724.338584303165,1.2372538343488828,1,1
232,71,33978.19883240349,6.459253793005617,1,0
233,56,58905.61340708415,9.771438467409713,0,0
234,28,23223.80552298278,2.565898618560432,1,1
235,39,37579.811830907325,4.53046834680093,0,1
236,63,30122.319248920616,7.111445476244705,0,1
237,37,20015.62789978886,8.64772476479035,0,0
238,51,59393.89246816316,3.2737005520565656,0,0
239,71,45145.14533747089,5.045370113420256,0,0
240,34,63684.20435452137,1.9933407692313114,0,1
241,72,56481.77089098211,6.895978668879082,0,1
242,63,67204.19957708477,2.4033217665857234,0,0
243,35,69737.19714616465,2.6496429334804734,0,1
244,33,31719.050544682654,3.4878611474660035,1,1
245,59,51143.44422660393,4.773419393949133,0,0
246,37,40601.22630345532,1.8095458457293394,0,0
247,37,53324.6816471503,4.696527974501982,0,1
248,50,60970.71637098118,1.7704818777124531,1,0
249,48,65167.050752684365,3.9366904726337224,0,0
250,32,49557.8263828292,6.894751383624114,1,0
251,43,45023.876768913804,3.2421393834182126,1,0
252,50,47725.51949631079,7.289452190581413,1,0
253,27,55376.66507874061,3.6401719601563345,0,0
254,36,39456.42580621723,9.736580587147357,0,1
255,57,45111.85759001217,6.876518450508675,0,0
256,40,28533.968532972078,5.544590079258686,0,0
257,48,59746.67170074214,8.434263370495849,0,1
258,49,58957.53849465324,6.201987769070869,1,0
259,71,58642.06445675461,8.227846076520281,1,1
260,30,43225.238138815046,7.193155946242299,0,1
261,49,45629.54607248353,8.662647173491766,0,0
262,43,67864.38583235981,3.01641681714532,0,0
263,71,85245.12025838552,2.4813867623129893,0,0
264,58,25353.186069100782,8.657683475539038,1,0
265,66,43814.37181961771,4.6015179232696,0,0
266,57,65550.39996270144,2.5242932286645186,0,0
267,53,42497.91142622422,7.215810619340431,1,1
268,40,38217.510971123644,9.91000777658237,0,0
269,37,35335.0267629651,7.360337273302002,0,0
270,74,37529.00344845327,3.5898167097413975,0,1
271,47,64781.48627941805,5.7438596702016635,0,1
272,50,53270.87995680024,1.9246342810482093,0,0
273,28,37664.228740669154,5.148175407005959,1,1
274,39,48867.34650909539,9.684727616710088,1,1
275,70,25017.191443368374,6.829164175256207,0,0
276,47,55221.206430694685,4.243631888622731,1,0
277,54,49096.22330424116,8.624903123654363,0,0
278,48,51119.193474333224,1.7125664078373735,1,0
279,25,65691.57255906319,1.7940370192870416,0,0
280,34,49650.3787984255,3.1469711313634523,0,0
281,45,55033.191506979776,6.058467830103065,1,0
282,63,51847.51457771575,2.292498785185674,0,0
283,59,39175.06847450798,6.711769926910215,0,0
284,54,74676.35241207854,2.651268395851845,0,0
285,59,74041.56750552499,6.059343491243117,0,0
286,30,58764.97410181762,8.636144973798821,1,0
287,56,65845.3882400934,1.63206018417524,0,1
288,26,30424.360905643483,6.832604331231535,1,0
289,54,31535.851260221225,6.199139016838149,1,1
290,30,33518.58689494187,8.418150437282762,0,1
291,27,56926.74917768183,8.790842194856841,1,1
292,30,57697.57298270161,8.58034366838691,1,0
293,66,60665.641888627266,1.473196723497627,0,0
294,48,69433.51311902913,5.914502657472437,1,0
295,65,59877.2363626174,3.059377490306526,1,0
296,26,58766.336477663535,9.729910609410009,1,0
297,27,50098.06509764591,2.8784398472987553,0,0
298,70,40474.474308832025,1.1862582380494469,1,0
299,33,53201.58911742204,5.950071518535514,0,0
300,69,41460.80370287446,9.105466074547031,0,1
301,27,46458.302989162206,7.819727581939775,1,1
302,51,58084.34738981419,3.3835551480631882,1,1
303,64,82153.22328396494,7.164776585219793,0,1
304,41,46754.347677868405,3.4427245399072146,1,0
305,33,25980.85722442845,6.1715551489875535,1,0
306,50,66218.63226266009,1.2149818455695058,1,1
307,49,44907.26488940525,8.684695267802622,0,1
308,42,49560.85542173509,9.82310656568628,1,0
309,69,62763.760695117155,6.717188173506197,0,0
310,39,63862.22467136117,3.9800232051475115,1,0
311,67,39898.8446912294,9.714020388374877,1,0
312,60,47144.29117514796,9.831580689213176,1,1
313,69,60870.4612691186,1.6843269486747903,0,1
314,51,34955.43774010395,7.486801363999245,1,0
315,47,57461.847309953766,3.570112030555676,1,0
316,27,37036.206607211454,1.2559249327826143,1,0
317,42,30380.97978327912,6.564174036486968,0,0
318,72,29556.6046020603,4.717947102613217,1,0
319,61,32773.86191384349,6.564994227493681,1,0
320,54,75629.47572342686,1.676034681528743,1,0
321,32,49689.21923937547,5.73869947833878,0,0
322,37,53570.46572134981,1.1823119497250656,0,0
323,42,45737.82441620477,6.73623539361088,0,0
324,35,43456.96809336198,1.0583666095940647,1,0
325,37,69260.00438459156,8.466096499857533,1,0
326,38,52579.05163016102,8.447097137024151,1,0
327,25,29636.58360734854,3.9924777057656566,0,0
328,45,51911.02024763888,8.017199306320489,0,1
329,58,76784.50016600642,3.9429999181917674,1,0
330,25,28607.944446315236,6.3902149222793545,1,0
331,53,41577.84014220425,3.0896779209988994,0,0
332,26,47687.06720096321,6.780763133716721,1,0
333,38,51144.19824439923,6.451668181108716,1,0
334,60,68937.38480475801,4.0820352843054,0,0
335,30,72407.25431777893,7.668657637420989,0,1
336,45,71195.77328127166,4.325661846835423,0,0
337,38,43238.45542096917,7.592691202236741,0,0
338,26,51278.47070861907,1.4393530954469065,0,1
339,25,53650.240406480196,6.07659249950535,0,0
340,45,65323.7781895307,1.7942314500373875,0,0
341,28,75619.83786924553,4.72964099428358,1,0
342,63,63275.06523634448,6.356210912575019,0,0
343,64,52668.80091493144,2.270314848185004,1,0
344,48,41438.26040151302,6.205788083520745,1,1
345,57,74730.03517397465,6.394124099816394,0,0
346,41,46969.91012857604,9.683335680349987,0,0
347,62,41542.397994252104,1.9466917092671916,1,1
348,29,44603.10203987382,8.465614434054991,0,1
349,64,71685.20522828407,7.278834364416055,1,0
350,63,49473.41144606769,6.832133814602509,0,0
351,67,42966.362548265526,7.413882823965946,1,1
352,36,30317.04109085435,4.5164822872011605,0,0
353,74,63118.84044580339,9.710847175098774,1,1
354,62,47135.91451158208,1.3188058218610155,0,1
355,45,48323.99665252387,8.99755948036848,0,0
356,47,29839.126425569197,7.186881768176086,0,0
357,74,64485.42436454156,2.8680520912817316,1,0
358,69,64172.05085234822,2.526385878515674,0,0
359,33,29349.97069141505,9.559096632545481,0,0
360,44,30829.73690233874,1.8718967360721797,0,0
361,27,57398.807776895614,2.6339702510387037,1,0
362,42,40890.74596825203,5.036564202075386,1,0
363,62,25952.590721055665,5.732269960201065,1,0
364,69,23875.647849200013,2.5713774847289512,0,0
365,41,64758.06185021909,2.0560684040931374,0,0
366,67,70252.28180625632,5.516803462335143,0,0
367,41,40853.977348891174,6.601379630799374,0,0
368,56,43692.89027046564,6.059271924872363,1,0
369,57,44049.379945927285,7.676500417770721,0,0
370,62,39079.33944091599,9.480970465229483,1,0
371,55,69387.57286856248,8.716005067939662,0,0
372,38,45206.43180396739,7.066619932565502,0,0
373,62,53897.97371432687,2.593440952943755,1,0
374,25,43748.42488502179,2.072477249961284,0,0
375,26,54094.90337897128,8.633200227628379,1,0
376,28,45263.54113555741,8.438620345700004,0,1
377,31,65207.093177179515,7.567060949000509,0,0
378,63,25894.13535073361,3.402580207081545,0,0
379,52,26669.228644415824,2.9894583924416485,1,0
380,51,27473.12519871659,5.796445308302325,1,0
381,74,60229.8022779108,6.946595887787462,0,1
382,64,36804.89969871398,2.14834817012282,0,1
383,37,38329.35709608096,5.216119514634671,1,0
384,48,55799.77567079311,1.1574815764647293,0,1
385,29,30543.3463592295,7.541012409971082,0,1
386,62,40806.92387228023,5.699596574610858,1,0
387,64,55177.248599519604,4.453121667897379,1,0
388,40,48854.17688752035,4.109721246827621,0,0
389,70,41593.68610440491,5.808167331563627,0,1
390,59,41918.777712640585,5.690986700409571,0,1
391,46,37820.96836305366,9.022252162172254,1,1
392,48,41180.22475184885,9.965206747131537,0,0
393,40,41139.06943945431,5.368059219694696,0,0
394,74,49444.44612138185,5.666908446559796,1,0
395,63,43009.92271824118,2.910922334819994,1,0
396,55,35085.815665931375,2.6211905477030313,0,1
397,54,39905.019481491225,1.197789769635817,0,0
398,36,33068.232001976205,9.307832803131939,0,0
399,28,35937.00545383541,9.798830318968223,1,0
400,73,41153.92587816617,5.163974709648544,1,0
401,30,54009.44834314681,5.302247886884132,0,0
402,73,72607.48395095635,5.271410545992663,1,0
403,45,61523.03951472693,4.638773972548185,1,0
404,54,66049.65703049686,9.852041298782005,0,0
405,47,77655.95200514133,9.792098795977202,0,0
406,69,86648.76822733958,6.246239666451753,1,0
407,53,63394.32905502552,4.236451426886219,0,0
408,51,26728.259956794245,8.839310335033746,1,0
409,64,51528.99241464842,9.662887098844884,0,0
410,72,55487.55654068965,2.259987236947797,0,1
411,29,50699.11051246305,3.4952524877644615,1,0
412,41,59446.07929087909,7.572268774848973,0,0
413,38,44183.171649742195,1.6386239671827894,1,1
414,51,41680.849166502885,4.482690413377934,0,0
415,37,34007.50051247754,8.197600612447554,1,1
416,51,78785.99580743896,5.725531634121182,0,0
417,37,64044.593710788504,7.171523954705739,0,1
418,45,61500.54321372374,1.3468401881256002,0,0
419,66,57911.401617223164,9.6186487286229,0,1
420,45,57784.05017807877,3.130860337692013,1,0
421,50,44928.43461127048,7.068300465008928,1,1
422,32,61322.200763099274,7.569587136516677,0,1
423,70,25348.875071608272,6.508448027864744,0,0
424,47,59144.76322109315,2.6957325400848555,0,1
425,51,55937.536924024345,3.4173770379199464,1,1
426,54,61062.96108564691,2.8334009224642975,1,1
427,73,51363.10829012781,1.2838337584846564,0,0
428,67,46599.42086444145,1.2308552609221746,1,0
429,44,40736.75819597108,2.073539781041874,0,0
430,31,69712.37155513141,4.034351543366768,1,1
431,42,51270.67777997235,3.5316140945734027,1,0
432,49,62696.57786911362,5.5635574836786885,1,0
433,69,22378.914501188137,1.495576243037707,1,0
434,51,49849.75613074822,4.797726573164276,0,1
435,56,44311.5793834815,7.079111482086659,1,0
436,63,38783.330796935115,7.390241813098115,0,0
437,56,57011.119951448185,7.289575208991317,0,1
438,72,33399.72717128621,3.9492733259457946,1,0
439,51,42210.4763910598,5.985136133042963,1,0
440,30,56778.03131016601,6.508748422991887,1,0
441,60,81640.83758332093,5.376833963453586,1,1
442,48,69574.4430136364,8.436788479195556,1,0
443,31,52233.104738892966,5.987611159608147,1,0
444,40,59486.30137926688,6.3153133111813125,1,0
445,33,71600.66930085412,4.082153969129126,1,1
446,60,24428.022896738294,4.417215768020511,0,0
447,60,56548.84734296321,9.838772450666465,0,0
448,29,64981.71609214964,9.00740971780765,1,0
449,30,61413.28013710561,2.559784750136088,1,0
450,26,66525.40053988111,4.748068502307092,0,0
451,30,45719.5004299293,4.399184275296133,0,1
452,32,41568.32220485546,8.3070983990016,1,0
453,46,63158.38302826347,7.57043876434075,0,0
454,27,48805.139687208546,8.276612389043581,1,0
455,74,38841.10058250281,2.2421109726573314,1,0
456,59,64020.853863768585,1.1393218294097012,1,1
457,39,37574.466206490724,4.628879716972133,0,0
458,50,77622.44372444764,7.500215152999983,1,0
459,73,44908.94386962428,8.795039836296322,1,1
460,25,63607.43311404418,2.887630828712509,1,0
461,43,55848.67705969153,4.149423463602772,0,1
462,51,54617.40228380522,3.358210433768163,1,0
463,53,38343.838727373426,1.0052187486962585,0,0
464,51,42026.66726296885,3.0873623049500347,1,0
465,39,52093.785776400975,4.935372974337261,0,0
466,30,66076.97970631823,9.26091236299072,0,0
467,39,20549.367195516363,7.94292775000531,0,0
468,71,49275.83188330994,6.653753292972066,0,0
469,72,53139.65574997358,8.057215115993994,1,1
470,52,56146.59015961678,3.1089544093023784,0,0
471,72,35199.998018688755,7.336572315875551,1,0
472,64,45825.97127792519,8.385359971883751,1,0
473,58,63630.9024063913,4.220014134073802,1,0
474,41,64318.69420454903,6.097603419754426,1,0
475,51,51338.60706144544,8.285337285596231,0,0
476,65,37876.29398829282,4.341577595671753,0,0
477,26,31559.40720503529,3.0841335057805184,0,0
478,66,61843.16350092129,1.6895326667487578,0,0
479,26,47917.85670884587,4.048821362605981,0,1
480,37,61609.00392768905,3.23805438629755,0,1
481,69,69042.94408572606,4.781341869277311,1,0
482,38,53685.48915114075,9.475366517557681,1,1
483,39,52804.48986375137,8.841609685998502,1,0
484,72,53191.54106394886,4.410174027394795,0,0
485,66,41753.58786397054,4.9506751590001,0,0
486,35,50440.711213187824,2.2411240788445665,1,1
487,45,24715.473973825716,8.335734379990889,1,0
488,25,49790.03907833718,7.476889417470461,0,0
489,36,49728.39706150464,4.512532251270109,0,1
490,26,49458.07015906711,9.912291564196028,1,1
491,65,34175.32057617766,5.996045242784151,1,1
492,69,35629.456830884235,8.025571706137995,0,1
493,33,56991.57508937266,1.764066968441941,0,1
494,67,45218.9762545812,3.9036521301433824,0,0
495,33,64880.544184880215,1.233154413710413,1,0
496,64,52906.290817805835,4.34886313255734,1,1
497,57,50344.88655587034,9.066778337516984,1,0
498,74,78200.0371052819,8.505253902502812,0,0
499,70,49286.65090928137,5.0315239788009105,0,1
500,49,36475.72227944626,9.668293157240896,0,0
501,36,63862.87561048312,2.8945477477169246,1,0
502,39,77166.76157058458,2.0436995255978925,1,0
503,50,88768.65063107293,1.7297244135777736,1,0
504,30,36225.91313101414,1.1176034248186018,0,0
505,51,49838.80679122541,9.135313420864918,1,0
506,72,33582.36614416766,6.60194943062388,0,0
507,46,45649.583604105144,6.842858309047545,0,0
508,49,45893.52224212386,7.9330549119221585,1,0
509,71,49426.96303650868,1.2704445019420483,0,0
510,56,29441.936631907,2.396343513213721,0,0
511,28,74269.92693114938,3.6695009058560557,1,0
512,58,53507.86483433249,9.004993701251614,1,0
513,54,76428.778180893,8.193211801407706,0,0
514,66,53335.814684293495,9.929059879612813,0,0
515,34,50110.787535705655,2.0254750015147667,1,1
516,60,51643.82110803701,3.381836539455292,0,0
517,69,63748.78226907344,1.9019907114326315,0,0
518,68,32881.52905142633,5.5720669215794345,0,0
519,71,51532.511170411504,4.507815266531668,1,0
520,41,53066.107469933275,7.7545059624710415,1,0
521,40,61856.826149954504,6.523232025675615,0,0
522,71,32059.575766091784,1.0854752251240558,0,0
523,64,54134.7513120365,8.6833967420225,0,0
524,52,42473.255338441806,1.634183555760588,1,1
525,42,76121.6617985543,7.249747845056453,1,1
526,54,32569.85048008985,1.9279992501547845,0,0
527,55,71833.80385931043,9.780162061824884,1,0
528,71,64113.01244826376,9.636119086129673,0,0
529,54,40928.02576759283,3.7903814771882467,0,0
530,28,41764.468832006125,5.106217633084521,0,1
531,44,65494.98070492964,5.1499905663242105,0,0
532,65,36113.50605146093,2.2234547973391834,0,1
533,44,61324.29822728348,9.869403326416098,0,1
534,29,44808.79403515092,9.25347633238027,1,0
535,39,50196.66492616609,3.3083360098044787,0,0
536,55,41598.59082262798,4.791785577835885,1,0
537,60,83322.64043637452,5.319502493178794,0,0
538,32,64235.42640193579,7.690231562013425,0,0
539,29,30105.15517616396,7.594893758793648,0,0
540,44,56154.236942377865,4.230128221558412,1,1
541,36,53257.88733338526,1.5031734724383488,0,0
542,73,48802.52235671414,3.9377861523932083,0,0
543,50,54441.80930434997,8.662613969935599,0,0
544,42,62645.477470106474,4.758703048569108,1,0
545,71,44692.0708107244,2.195979203019268,0,0
546,70,60727.59554459327,2.6215419192398786,0,0
547,64,32330.398703803774,5.919930279722461,1,0
548,69,47875.75371806678,3.401498538284977,0,1
549,32,33734.393114394334,1.2543978061031098,0,0
550,42,36677.29864593863,8.184401587269651,0,0
551,31,57541.39228122227,8.709114615271215,0,0
552,57,49744.509950696774,7.553027858804433,0,0
553,72,78628.54348770613,6.0044650766332035,1,0
554,62,26302.672434669574,5.117237443592994,1,0
555,64,67132.9776797748,4.63305543155092,0,0
556,66,54723.367651434324,5.859049228932508,0,0
557,53,43283.88292914638,8.463488627259188,1,0
558,44,43024.688344511094,8.260286355849143,0,0
559,26,56142.104606038265,6.30098965354159,0,0
560,72,55305.030015093704,2.225670839257029,0,0
561,40,66269.51879462862,4.58787477246617,0,0
562,72,17623.242994068114,4.9360430990482245,1,0
563,29,40101.91710525223,5.298387019101201,0,0
564,34,42831.43175401644,6.143148357950279,1,0
565,66,31617.958467338067,1.674554562088121,0,1
566,56,73771.25082766432,8.122332230137221,0,0
567,58,17116.062821594773,7.019494770515244,1,0
568,59,52279.04285712139,9.069910474526887,0,1
569,58,50877.42584350944,7.517347435879238,0,1
570,55,51166.127675415744,8.438907804559486,0,0
571,73,55469.490564068554,9.51466155089725,0,0
572,29,52913.98364520015,1.486515456721981,1,1
573,63,36169.03307023266,8.618161062752861,0,0
574,27,41054.879656984944,3.8646831104435497,1,0
575,26,28715.502355802168,9.084696831961354,1,0
576,43,47357.66471441339,8.807374423619427,0,1
577,52,60201.648987180684,8.185400611505116,0,0
578,68,65123.73371054245,9.228124567314469,0,0
579,68,51412.39569892798,7.135411493446345,0,1
580,64,44088.61711825377,6.1889311443376185,0,0
581,42,53901.397491606,5.309351004681149,0,1
582,35,48499.54444276524,9.03077700022022,0,0
583,40,20780.826840149195,1.3338995803424294,1,1
584,49,57877.265301601925,6.765194294609773,1,1
585,49,44735.11717331008,1.5659395145215111,0,0
586,73,50153.06963512377,4.854254524151017,0,0
587,44,48197.34268270747,2.7669554682666075,0,1
588,71,70279.5110836919,2.193704910197512,1,0
589,37,53003.37963400136,4.408299772994443,1,0
590,45,26718.860519173442,4.199401645729413,1,0
591,64,30472.692303834403,7.1290772987261954,1,0
592,39,54047.012808178435,5.841859336049521,1,0
593,47,54524.49519962498,5.472425659887332,1,1
594,44,56440.422627143154,7.843774420990473,1,0
595,63,53828.123301227984,8.394897839713728,0,0
596,71,55532.218576701925,3.046616856074241,1,0
597,32,65881.19247154327,4.1770180372576995,1,0
598,67,39394.17346804407,7.72406673805,1,0
599,33,53137.598156814354,6.620178099652356,1,0
600,73,36740.883079039726,9.795443830790575,1,0
601,40,30823.300287974296,6.12718981861436,0,0
602,28,40936.83095850088,5.647191538846177,0,0
603,61,64868.024777473736,5.394539725370898,0,1
604,32,45195.04461625522,3.9147127947359905,1,0
605,44,55828.12892082974,7.56810201901634,0,0
606,35,54169.41108027609,6.42130905801778,0,1
607,38,74759.30432672739,7.196282791200442,1,0
608,33,68794.19150148587,1.0132364304345496,0,0
609,39,54389.885065951465,6.014539094461272,0,1
610,66,75839.24425292968,9.24259891145536,0,1
611,68,60493.64478231778,3.2922462108586514,0,0
612,30,54565.140299357394,1.4693179462220742,1,0
613,25,80372.38800345434,2.5876173025834213,0,0
614,43,50597.210753835556,4.964457187074845,0,0
615,73,61790.24607020946,8.600447892436968,1,0
616,35,63864.96597895089,1.0556196956310298,1,0
617,48,67489.46608601903,9.32324298899916,0,0
618,43,57600.0690619683,7.398702272229909,0,0
619,62,41005.01025323197,1.8914454501372202,0,1
620,65,28027.997503636998,1.1327179413493702,0,1
621,53,56206.93382529224,2.7647581680717357,1,0
622,54,46259.45134402927,7.554288883662404,1,0
623,26,48856.25286245473,6.703827977646729,0,0
624,49,53017.05807695524,8.169193966629614,0,1
625,44,42870.50039714477,3.2221657161914448,1,0
626,45,25281.13926614347,4.1016465893993335,0,0
627,32,57631.29630100928,2.7077967454411116,0,1
628,27,55535.610219385635,2.406077385176893,0,0
629,42,56291.845641783024,5.315472046914092,1,0
630,54,65563.07023673106,5.330564262442902,0,1
631,58,47119.180118981174,5.0145603776476,1,0
632,69,46578.030790521654,1.5871501397104848,1,0
633,56,36841.396242652736,6.203974400597245,0,0
634,64,55169.346242222964,6.955330703140881,1,0
635,25,88841.04231943274,9.475686320560758,1,0
636,62,34178.096985658,5.5568630481379335,0,0
637,38,71750.66095519217,2.498907438747905,0,1
638,73,51814.39725038899,6.722676677114881,1,0
639,40,47637.94958711397,7.0969351647737335,0,0
640,64,29869.69397539983,8.9374564747747,0,0
641,63,21158.031694711444,5.78465993357487,1,0
642,26,60850.13643775621,5.921198922573333,1,0
643,65,23687.379095355445,1.2424132808792625,0,1
644,28,68646.01552261869,8.611730843587052,0,0
645,52,50478.45576467851,9.137912138136087,1,0
646,42,63605.84799276608,4.308329776742547,1,1
647,62,63955.26482385802,3.2893630509427054,0,1
648,57,31266.219249091166,9.386363226476613,0,0
649,59,64467.398823649055,1.7587192628782717,1,0
650,36,50495.06318461415,4.426301782351793,1,0
651,34,43018.98171238335,4.295582252212399,1,0
652,55,45554.217128048615,9.848271095785922,1,0
653,47,66034.95904911785,4.597135176575861,1,0
654,36,68878.56726539123,8.73058796445124,0,0
655,46,45306.66471612996,8.029450765761192,1,1
656,38,48539.47811065549,7.607271852377748,0,1
657,50,56048.56703055332,2.2237371513124025,0,0
658,51,30311.51311179726,8.412515114655905,1,0
659,58,80963.0229646085,4.958302750267871,0,0
660,34,59105.948632001746,3.858072660422729,1,1
661,73,43585.19335006185,1.750996234848734,0,0
662,62,40423.462887896116,8.006369516074912,1,0
663,64,90447.59381074349,7.068414567664998,0,0
664,37,51680.88688913402,6.653319592350606,1,1
665,61,27442.8988083784,3.864706564303762,1,0
666,56,54876.20879107755,3.460564417855322,1,1
667,47,26430.075764718298,4.950104878775632,0,0
668,64,83716.55711334832,6.884023318688655,1,0
669,25,71455.29077096572,2.4961762163946783,1,1
670,37,66324.92359507385,4.987654114328581,1,0
671,62,79244.8936584203,7.146238599233116,0,0
672,74,50955.94720957778,2.1493008457796785,1,1
673,70,89781.33424003568,7.772943972948695,1,0
674,31,27311.299197911256,9.087555064906969,1,0
675,58,54967.21398321062,4.386034390447502,0,1
676,60,58288.12444533854,8.386223600281149,1,1
677,46,65372.53144570589,8.439114910398654,1,0
678,74,51906.66306754719,5.096847251109258,1,0
679,48,66907.07163268908,7.296122976479172,1,0
680,37,57245.4988800642,2.380942886203985,0,0
681,56,43479.3937072499,8.46763905332762,0,0
682,46,54468.15047573535,1.0865389005161774,0,0
683,64,42537.7661748051,8.695705887564852,0,0
684,70,43085.027515812966,5.832624948328226,1,1
685,26,37683.94959467143,9.277034046205017,1,1
686,72,46642.585151017905,6.229766541210709,1,1
687,48,70004.76060032603,3.755163416589807,1,1
688,73,73234.8606827482,5.029728088361026,1,1
689,59,30015.76701801667,3.446416569990816,0,0
690,69,64391.66754090584,8.172024038777112,0,0
691,44,35703.322466144775,4.138178128527555,1,1
692,66,13185.060225888737,1.6624466564951095,0,0
693,73,48177.093591506215,3.3964553848222625,0,0
694,72,71813.96862474972,5.64612742152189,1,0
695,62,61845.35726159614,8.912612483323269,1,1
696,26,36026.1038694936,5.58708437927584,1,0
697,37,76475.82573250575,3.799060371005709,0,0
698,69,42691.32047253634,9.707945808166842,1,0
699,50,34659.60777868897,8.349028194719669,1,0
700,33,27254.429337028985,2.5141279675968358,0,1
701,35,50611.2784311116,3.420548444263056,1,0
702,50,41150.7599147694,2.3186137533984335,1,1
703,64,48859.59238456241,7.1638493226726006,1,0
704,58,40187.460044144565,3.6856395219612046,0,1
705,54,69172.4864690598,1.3956211699027026,0,0
706,66,62286.480569517335,2.88131318396025,1,0
707,64,45616.95867826738,1.586468106689332,0,0
708,26,62803.57151302041,9.208661317585651,0,0
709,57,43968.239202804805,6.3695934342792855,0,1
710,71,25132.679309749557,7.416410794722761,1,1
711,38,64598.89824791116,7.203845618293919,1,0
712,53,50463.10478485539,6.739838590712751,0,0
713,62,69916.4308898155,6.924580732361522,0,0
714,46,51103.66533598075,1.723955127636557,1,0
715,68,56931.70455912269,7.748563198507243,0,1
716,59,40054.71060122292,9.285679502116608,0,1
717,68,39877.95520862334,8.117981698645647,0,1
718,52,66638.68491442659,9.969929176422301,0,0
719,32,45190.30746840975,1.4020999330637989,1,1
720,72,30334.14682252226,9.9614261848225,0,0
721,47,27348.092505478897,4.540867572969319,0,0
722,29,63479.83745687209,1.8450706295154544,0,0
723,65,41354.668901987025,9.866166005294868,0,0
724,67,38363.050540421274,8.154359076923456,0,0
725,61,46306.58463520084,9.605381724695997,1,0
726,29,72719.23555425624,5.490082568095983,0,0
727,68,41524.57669434922,9.640004778946036,0,0
728,65,75304.56905543042,5.717925961132078,0,1
729,71,53435.44682964313,1.617462016305494,0,0
730,56,42292.214957913966,7.504798720056371,0,0
731,33,73301.03224288987,4.377288619970471,1,1
732,33,27605.760884492498,9.71622670528878,0,0
733,53,50530.18772536908,4.759412353921784,0,0
734,69,38164.637485474566,8.700841509084725,1,0
735,29,64604.7389967999,5.851877252759833,0,0
736,64,47098.62408447745,7.368691078609563,1,0
737,49,48190.389908459685,7.569287126349275,0,1
738,51,46796.58692002764,6.051700227443536,0,0
739,26,33428.001335020206,5.614943050701556,0,0
740,45,47273.80309533639,8.966498431184329,0,0
741,29,52275.10397496984,7.93062304723829,0,0
742,39,64599.370373039026,8.34037425370357,1,0
743,25,47405.86948499854,6.462335520223959,1,0
744,42,23961.490302254082,9.41459979152149,1,0
745,55,38446.639382833,1.2956095677943489,0,0
746,66,28989.570221152484,1.424500334531103,1,1
747,45,47293.48495356866,7.904239603287685,0,1
748,43,60290.91930692932,5.589820103334574,1,0
749,32,37172.97266342284,4.653284869681007,0,0
750,29,44100.14527106373,7.063561660802198,1,0
751,37,30275.28588924076,9.837387459674519,0,1
752,72,22384.070581782875,6.029952053078623,0,0
753,41,24296.4538631037,8.099867396637759,0,0
754,64,65630.1034970802,5.171141029677754,1,1
755,62,73258.03233778014,5.665161283307812,0,0
756,28,35475.74740570387,9.12250933607443,1,0
757,49,49609.4317951931,4.15947676226581,1,0
758,31,59302.006528608385,6.666818889477919,0,0
759,33,54463.62241980564,8.40757416313193,1,1
760,42,35739.9629842626,2.608630561569118,1,1
761,62,45245.44618956401,1.2309704293864367,0,0
762,51,75981.26580904685,8.524463310872772,1,0
763,63,53069.79082615917,7.540082512248251,1,1
764,61,48352.864267952136,8.406842888072077,1,0
765,53,25160.767471659874,2.9008315677850374,0,0
766,53,41794.394749482984,1.5568260233703852,1,0
767,34,42442.60061074916,8.43422308774418,0,0
768,69,49040.06141427581,5.0417708568434705,1,0
769,40,50357.00324061368,6.976424890528602,0,1
770,32,38017.253402298644,8.807381380324012,1,1
771,65,42534.71112044125,8.185408074503943,0,0
772,58,56574.33002422856,9.048143610165248,1,1
773,50,48400.80603796535,3.511949968768511,0,1
774,49,39963.34273456617,5.883212962237774,1,0
775,73,31510.13735406699,2.699764884024968,1,1
776,36,57594.72771856911,8.239465432875782,1,1
777,70,63022.95607097434,7.259359198758867,0,0
778,47,33695.17322062575,5.403330755223222,0,0
779,71,66428.02969534471,5.540910196159944,0,0
780,47,58610.70809411798,3.374442004940085,0,0
781,25,40910.895993215854,9.47638583322887,0,0
782,44,69644.25930963857,7.879463022228836,1,1
783,57,44482.49005944315,8.925957186552118,0,1
784,70,68773.38340354379,5.224665153784716,1,0
785,71,15166.187360319404,8.784954757362323,1,1
786,51,51389.69708427317,6.5351806506448185,0,0
787,57,55172.48641852784,2.544765744701217,0,0
788,67,51391.21162043704,2.6638816610764144,0,1
789,58,45653.57132238163,5.540039179280751,1,0
790,36,60503.94121223537,1.4611243841076411,0,0
791,58,53354.96152939808,9.472129352499932,1,0
792,65,21496.37365628894,5.487823744452295,1,0
793,64,56941.91327270365,6.931558412705542,0,0
794,25,56816.872793091294,1.546292272428661,0,1
795,50,54986.48894514945,3.2025504041247514,1,1
796,63,55810.19781788713,2.5726487558238826,0,0
797,62,33712.11164994308,5.6352515667001315,0,1
798,43,49306.928151621614,3.8406794368834514,1,0
799,64,59885.10401962883,9.020309262275365,0,0
800,35,28911.185476399503,3.4304178852301237,1,1
801,72,59041.30660594205,4.114114333513728,0,1
802,44,40117.83130994382,3.808032288579372,0,0
803,72,34742.440812569504,2.006516712378537,1,0
804,66,39454.165150558896,7.697670023454108,0,1
805,64,50940.59272886335,4.216103131825678,1,0
806,32,15282.513216675128,6.943695987247282,1,0
807,72,22178.8827196288,5.791408471908757,0,0
808,41,45544.6129089504,6.323189498258087,0,0
809,54,49398.7040314521,6.314255862506486,1,0
810,68,35962.61124385721,7.715903660385489,1,1
811,48,35838.6332782272,9.615286569794703,0,0
812,68,53424.10040605525,6.772307395014981,1,0
813,68,26938.982027285732,2.418418307319537,1,1
814,45,66958.27826851993,3.0008663457980567,0,0
815,47,69274.16640403408,5.561605383619478,0,0
816,45,55951.016841732024,3.678022065136356,1,0
817,54,43990.980435396435,2.4622881848044345,0,0
818,57,68012.73437641968,3.815565289809154,0,0
819,71,26761.612420618607,1.9654271515102288,1,1
820,40,53891.56996573644,2.711784945176111,0,0
821,28,59969.26663686922,3.514942842981317,0,0
822,41,87749.37776906075,6.32122462110639,1,0
823,43,73976.3815814372,9.98083314777226,1,0
824,58,57545.07079358765,4.137258279235646,1,1
825,40,26620.889866465735,8.254458434477407,0,0
826,51,64839.86130308935,6.754255929526673,0,0
827,52,51733.015809196215,3.3530089567513857,0,1
828,61,55000.031990366115,3.1368580145749587,0,0
829,50,23364.626825421616,1.1901997444909203,0,0
830,51,41075.32264461076,1.3816650025941433,0,0
831,59,60857.36957240412,5.501846814187299,0,0
832,60,36291.42833042414,7.974123704025318,1,0
833,45,57907.97230040676,9.113543266699416,0,0
834,55,71590.35281981247,4.675228485857817,1,1
835,26,72741.57496464407,6.940023648113316,0,0
836,37,50476.14407046063,1.3780902789385272,1,0
837,74,51501.18273995623,2.415318438179071,0,0
838,34,19489.625428261344,7.442882907826355,1,0
839,53,46354.27276768835,4.265553511206347,1,0
840,62,46239.63512402526,8.993339270018291,1,0
841,43,62050.990016853,3.178692753345432,0,0
842,44,75242.28367469672,4.877691656508798,1,0
843,73,57839.34793197562,2.734159345092819,0,1
844,57,43511.52553381354,1.3688415667417355,1,0
845,66,25519.7970800432,7.847622352166479,0,1
846,67,42376.159968309075,1.5851076479138975,0,1
847,57,43560.462368186614,8.804490564781988,1,0
848,74,18903.37599075344,7.2765631051905535,0,0
849,74,54212.807390928516,5.604470019242489,0,1
850,65,59742.73349026316,7.337746775990484,1,0
851,34,53137.557934853176,1.126369644766486,0,0
852,29,47532.21384446989,6.880329092920734,0,1
853,52,53000.66293531277,2.7053111621307733,0,0
854,32,43067.5703500748,4.4320103469701575,0,0
855,37,62772.089684060615,8.221356631979068,0,1
856,30,80916.51067834406,7.576966074916143,1,0
857,66,53848.12863699224,2.471735572961827,1,1
858,44,35289.34068769975,7.4340488704461425,1,0
859,66,50987.43222038562,9.62345662239826,0,0
860,74,34185.0182943127,2.7989526812104746,1,1
861,65,41201.317606613375,6.162168809849362,1,1
862,74,55212.5265097666,4.127904373195676,1,0
863,69,63756.920802552435,3.8205867849473867,0,0
864,71,47947.07729151144,1.9652108633507703,0,0
865,60,48113.67277808575,8.25312837011937,1,0
866,34,56352.575384091644,5.939087110253052,0,0
867,25,40241.898245916884,1.2040279033830226,0,0
868,62,64297.170851227595,7.414246327975093,0,0
869,65,28255.07611632825,4.760968722213475,0,1
870,67,31170.283075104053,9.97460679496119,0,1
871,34,41532.69926490519,2.6960581709824036,1,0
872,66,77647.18033959086,8.235098620667694,0,0
873,33,49575.08962749281,1.7364071619598103,0,0
874,47,57448.03305905308,3.700992247143015,1,0
875,31,52081.96503098281,7.917639241093646,0,1
876,44,40535.31646381544,1.1178364779489858,1,0
877,45,39246.06593590751,1.8061163153878108,0,0
878,47,40451.544070722455,4.271592827390988,0,0
879,28,38489.32375271101,2.1450672899495755,0,0
880,71,35039.714298129154,3.624145894251584,0,0
881,47,93577.46886761705,8.788355074349646,0,1
882,42,64023.758861386385,3.4066543444016997,0,0
883,63,23947.796534067777,7.982658649029614,0,0
884,52,53636.47748958296,5.225355462044845,1,0
885,61,82577.86294575673,4.12786087728906,0,0
886,37,38561.876135752376,9.14046952481094,1,0
887,37,69466.82708391472,7.93900551458079,0,1
888,38,45760.189720138296,5.528459342774664,0,0
889,45,74881.92898135583,4.0273918434772735,1,0
890,44,43244.44435056968,2.533715887093985,0,0
891,44,25879.69108129065,6.990021422157895,1,0
892,71,30295.034130707118,3.046929824257324,1,0
893,31,31901.56457386856,9.133416658734285,0,0
894,28,34757.39740595281,4.772497008650946,1,0
895,44,35693.74768052097,5.670602465148342,0,0
896,67,53354.80955797704,3.5488000870191447,0,0
897,42,56777.249541429715,3.902680303496747,0,0
898,43,47176.4205434942,4.632526735990932,0,0
899,46,68720.72809385105,4.757527721996149,0,0
900,28,42068.41853557601,2.206235056585757,0,0
901,26,57392.7022521251,2.5461906732717368,0,0
902,64,42728.18853131614,7.135577494445415,1,1
903,35,55742.89177035297,4.171116699284935,0,1
904,35,52014.86139444047,4.984179032621847,1,0
905,42,42341.04336446605,2.1380406094133315,0,0
906,50,44508.984483571425,4.526495179712534,1,1
907,34,51933.58294165757,5.348305576601481,1,1
908,55,43856.59806767632,3.807182346125953,0,0
909,52,34318.00390145593,6.47650305109762,1,0
910,36,82256.83534175227,1.3171475364127443,0,0
911,71,64055.12491400575,7.339619043141707,1,0
912,61,39062.89985663245,3.5754133882520307,1,0
913,74,13766.818694346548,4.316992311093738,0,0
914,29,71403.92710697597,9.792502386435936,0,0
915,57,80155.71697170565,2.3218033630254595,0,0
916,59,51478.73626778246,9.018203719326221,1,1
917,50,46309.04923807969,6.925938408774858,0,0
918,69,69853.37999377037,3.312572257972409,0,1
919,59,47915.72273992903,6.112918645550823,1,1
920,67,40741.86625475864,1.3266228567744485,1,1
921,54,23551.44545960805,4.773895996614291,1,0
922,48,52961.97255744724,8.133897777189679,0,0
923,34,47038.38387242365,4.93147082271111,1,0
924,41,36032.69422386125,9.52995303895179,0,0
925,39,67660.2972193211,1.5459570638747226,1,0
926,27,21578.64772355354,8.744338911392646,1,0
927,70,57171.13088477165,2.929489206026246,0,0
928,26,44799.240978076385,3.894377840599648,1,0
929,39,28934.701943803302,8.453189021320233,0,1
930,56,36614.757149679564,7.6691931922160865,1,0
931,26,39676.237714736024,5.7564882162334134,0,1
932,66,66901.25127935984,2.6116749801204726,0,0
933,44,67695.20639156131,6.798413647751573,1,0
934,67,58855.52055637195,1.759553662130149,0,1
935,60,70226.63600238413,4.975361134583971,1,0
936,67,30865.843346591268,5.77348499987294,0,1
937,42,37580.09223758495,1.6939675876385294,1,0
938,52,80404.14004082432,6.050675430617541,1,0
939,62,77933.9362964889,9.290772163871447,1,0
940,60,54238.21497101056,7.933317656726241,1,0
941,47,75176.07007004025,8.262009674809764,0,0
942,40,58492.33681422795,2.2006221519603177,1,0
943,25,85860.5634328347,1.8206435902453806,0,0
944,55,55534.8547700621,7.342272580603522,0,1
945,45,89408.27523660209,6.695126322029372,0,0
946,57,28400.891526334883,9.732670820009139,0,0
947,36,58738.50108614165,1.2050610411367102,0,0
948,26,73248.29694573666,9.908532924926725,1,0
949,70,58840.50473956209,2.657597129410673,0,0
950,73,32745.90714861953,7.997413099730252,0,0
951,51,54293.3815993175,2.404997867245384,0,1
952,37,30187.268542084425,2.8820660783685033,0,0
953,35,73210.28822346173,3.2354939705978465,0,1
954,25,65995.92914138339,6.110221591087379,1,0
955,45,35938.64102153783,2.505722502865729,0,0
956,52,41246.17154792582,2.78854141419185,0,1
957,67,30979.62318780322,9.45844489199022,1,1
958,55,18813.799290783805,2.7714920924469713,0,1
959,27,30143.333824605535,9.45667431346519,0,1
960,70,29414.495063438957,7.616985144093524,1,0
961,35,46882.51009058369,9.847227596391608,0,0
962,36,64168.36773966082,7.057102741172931,1,0
963,55,84916.99431725495,1.4301992500272167,0,0
964,66,36167.8190052316,9.142876785018425,0,1
965,68,64818.920987759804,5.70742466862003,0,1
966,68,45244.48429780913,7.077932946559429,0,1
967,38,54174.5754564111,3.6337236017033083,0,0
968,43,80709.35831411321,8.706460692218274,0,1
969,54,60821.317385699775,1.112247596688765,1,0
970,30,52852.0861357726,5.95098587995005,0,0
971,26,21433.035539979734,2.4097851783154236,1,0
972,38,36790.65797291425,1.0849753350513678,1,0
973,48,44626.757054309994,7.500770711981388,1,0
974,59,47854.54750247796,7.728362121220184,1,0
975,31,53829.02410668951,3.6065343221250012,1,1
976,53,49354.441401168675,8.881977703958622,0,0
977,58,39252.48968382843,1.865435762295267,0,0
978,39,62468.42729156299,1.759681466343967,0,1
979,51,29403.12151862688,1.0436052254214894,0,1
980,30,47059.08984167249,1.382582011493715,1,0
981,52,74182.58536698914,1.5914051347440523,0,0
982,74,38808.63530228366,9.531362684586588,1,0
983,43,76706.6355187118,5.755877606945486,0,0
984,51,22851.780932010304,9.267207190804728,0,1
985,64,70970.77386380096,7.555718147248268,0,0
986,50,59643.810771078395,1.524517417947639,0,0
987,60,54878.530076033116,5.730103455195701,0,0
988,58,49896.51256340971,5.726397816085283,0,1
989,42,65744.2861921267,5.56752324234515,0,0
990,30,67041.16341627092,6.079799911234688,0,0
991,65,20696.338546271265,1.603027268304428,0,0
992,53,57860.84739750775,8.528535976636324,0,0
993,70,38083.67129915063,7.101246594255876,0,0
994,64,48942.536711448396,3.0440748059699927,1,0
995,31,38047.43737059923,1.8566920156916464,1,1
996,73,39111.842191698655,7.451026955248871,0,0
997,64,26760.99583123628,2.284934643266862,1,0
998,62,63571.17428196743,6.02031533292099,0,0
999,63,34418.64515271629,3.05131065487807,1,1
1000,54,38062.27622830366,3.1958648398301737,0,0
