fund_id,market_return,alpha,beta,treatment,return
1,-0.048563060330056126,-0.00497654931138904,0.9644150180957455,1,-0.056734636162967964
2,0.15973454465835857,0.0213518945205553,0.9474472236163747,1,0.16854571826074757
3,0.0882978498051992,0.024363010851036877,1.076001258993585,0,0.11820960558986597
4,-0.09062947139180921,-0.009987614985470376,1.0967634495733714,1,-0.10261698356866446
5,0.002139974803146358,0.019497966458739694,0.9698648726418713,1,0.032322060597030196
6,0.22514365370971512,-0.027369996265011,0.8976031643692451,1,0.17988174716950306
7,-0.18266792433930742,0.005946821856688921,1.1178623256262703,1,-0.19322390356417674
8,0.017108737114382266,-0.01268496052556683,1.1391812079534827,1,0.014298862101870705
9,0.18659362587055342,-0.006153986803943029,1.0160068096156611,1,0.17968651727305235
10,-0.02667404022651018,-0.015521547042886991,0.8998277474830675,1,-0.05549918128088867
11,-0.007888615162205445,0.021072527906779697,1.1135585367866967,1,0.008270763539773322
12,0.05052910310631088,0.02107748940863735,0.9424136951914995,0,0.06383052791207809
13,0.20913896261242879,-0.0038240089066555513,1.167477979422507,0,0.23215682203685667
14,-0.0038901996684650997,0.01751164612887197,0.9066883579172693,0,0.002604156501854105
15,0.015601804035393449,0.015225451062707505,1.176104112242479,1,0.0492007203323117
16,0.016564872438148262,0.007430964913331147,0.9711655076273784,0,0.015207796323504169
17,0.2805930082725456,0.05316340399167156,1.10130994690433,1,0.3635090852877399
18,0.27867860889737867,-0.006817572342797203,0.8835575179637315,0,0.2451637335923381
19,0.1604053897878877,0.010286101814262738,1.0499206693521006,0,0.18309254443405032
20,0.0986186399174856,0.002352259414088822,1.0328794547134115,1,0.10193190462468349
21,0.13373685758962423,0.002564399707391569,0.9681222762063364,0,0.1231527344337062
22,0.2090732028150799,0.013188240081829587,1.0941718926432347,1,0.24627920507765144
23,-0.03358338684023915,0.004112085996207108,1.1271912912066657,1,-0.0356712207164543
24,0.17758290447821035,-0.007208535201844767,1.0909085692491347,0,0.18520915839150798
25,-0.06538806677490125,0.012484549959194619,1.1252391760526326,0,-0.06970916067289745
26,-0.00377515024534103,0.033646632935079704,1.0980741118909858,0,0.03365927791551042
27,0.15071051958003012,0.028855327599569998,0.8598596079171884,0,0.14431393838390258
28,-0.08286807002259691,0.014060889768174215,1.1089610912308745,0,-0.07997176405104245
29,0.04599312798113339,-0.00470793627597858,0.8762748316926727,0,0.03850899038097394
30,-0.026175489585968548,0.013728592007989392,0.8396888975162751,1,-0.00032247466635217364
31,0.03443806294694031,0.03169286046691878,1.160658589505652,0,0.09584201661386663
32,-0.21985891054607243,0.03382378524653974,1.0392945346623774,0,-0.196967986072295
33,-0.1171533104509847,0.017193741191327917,0.8705946515219812,1,-0.07835784050271995
34,-0.009987723459791736,0.0027128559966756362,1.0544844399988815,1,-0.0037497126206107135
35,0.15274624317585825,0.005944945011342574,0.9331393055986367,1,0.17253048385822062
36,0.04263643172097842,0.025440918546770094,0.8566173013635179,1,0.07703756235509783
37,0.0602845915896811,0.023726924297425008,1.1197941860943348,1,0.11554792293314872
38,0.12882227111022848,-0.025153992242759673,0.843994639344247,1,0.08281719409915121
39,-0.027953634300905195,0.023172351295845543,1.1849812526814105,0,-0.008298285245305959
40,0.0883627323807291,0.024225766800590555,1.1087736786776428,1,0.1277124388553256
41,-0.020536651806561584,-0.0077438285001054635,1.0848905927907964,1,-0.036539488426502516
42,-0.11276694941206072,-0.005299622324473625,0.8956594466768397,0,-0.10286127675545235
43,0.0209100206244899,-0.005143281962352711,1.1038363946260752,0,0.008053933285337428
44,0.11738058624050576,-0.0036052560504569436,0.8090197778970206,0,0.10189732369993056
45,0.09385890509998016,-0.018334991743884685,1.021547400319397,1,0.0804553871899939
46,0.058816950552118025,0.016261838591038937,0.9242943929375099,1,0.06041833404620567
47,0.2992365265937726,-0.0057143879753502064,1.1329163665259019,1,0.33269819804194645
48,0.10129121603087787,0.008592323278174203,1.1045283704462363,0,0.12094145512169063
49,0.15787360059373468,4.862433902008863e-05,0.995135388450084,1,0.1796154346419726
50,0.28381433384979526,0.0151035504279338,0.9889424334504743,0,0.3044551272584908
51,-0.0694085323161249,-0.010212340721439011,0.8292624966537674,1,-0.06184368930829055
52,-0.043878821020495354,0.014905307497929326,0.8938678609477058,1,-0.010555252503363805
53,0.2343712225122931,0.017795620318873863,1.082898878089849,1,0.27831404022926204
54,-0.019806273524106258,0.026551891703972576,0.8262553476818217,1,0.00628833143095537
55,0.06296832303033302,0.04935538178781315,1.114901479811144,0,0.12368919168186449
56,0.16693159694243487,-0.03184203540508436,1.1918225303837828,0,0.1757139253133259
57,0.14907063912931706,0.01640628668746273,0.8316343434043374,1,0.17588609912786782
58,0.23548861819811095,-0.004183256832134798,0.9831599703718252,0,0.23030524217664197
59,0.2095644137033469,-0.028501173458223207,1.031609181316499,1,0.18786897172663533
60,0.16693926697057368,0.02683261246613311,1.1251613512542344,0,0.22397408883340927
61,-0.017270871424719156,0.03664399767789811,0.8600310431312339,1,0.033688978736892125
62,0.1394862667793218,0.002167445790014851,0.9440512079286749,0,0.14966228710636298
63,0.0914271994506867,0.014218325924440216,1.1342368922635016,1,0.1304220997817954
64,-0.07262654599404561,0.008718465196736861,1.0072747571646001,0,-0.08153109908516744
65,0.20172990464768525,0.018683953361863924,0.8653904014348963,1,0.1976508265665029
66,0.14072365345785665,0.027610714978471944,1.1477666689184025,1,0.20701437834911116
67,0.06454900806310972,0.016898746713867943,1.1744496922685304,0,0.10980622695445683
68,0.036690793901558647,0.016915398589203177,1.0958658555500236,0,0.04881024770136363
69,-0.0598301144700787,0.03519473085743268,1.1894654663934365,0,-0.0381313658444354
70,0.07995240735586326,0.006706755556467632,1.1706108889431062,0,0.10685160087614096
71,0.10684391194456443,0.028461291425978995,0.8485614125049763,0,0.11503580845084864
72,-0.023115498424327918,-0.0064400084438303775,0.9637012244432972,1,-0.026289138137685134
73,0.17622040490995294,0.04214169893433404,1.0387555784951572,0,0.23429331379027019
74,-0.04972030464830343,0.024756507847458115,1.0929545438914197,0,-0.019444215507302784
75,-0.15231003500424417,0.0019248093221708052,1.0140254428698987,1,-0.13610025034833534
76,0.16397270908927006,-0.03229096294179334,1.059679185787894,0,0.14651529283255987
77,0.01966339618978924,0.009993785657376998,0.8467221443863404,1,0.021549847911857156
78,0.047397041468698484,-0.013636188175414997,0.9625179126170028,1,0.03561260744713274
79,-0.02375167228250534,0.015992692063594938,0.8027428495844013,0,-0.012926639642132427
80,-0.10059627607174029,0.03902337645600951,1.0607397965600522,0,-0.07276343224679133
81,0.18552373747242185,0.013201195855929779,0.8657902187390285,0,0.1795780863057419
82,-0.008886898384692157,0.006439747713509528,0.9615864251276434,0,-0.0004469222596494638
83,0.22609524881479398,0.01684410807991718,0.9994596882322304,0,0.26491757700016183
84,0.14073081862107287,0.0157130039221975,1.0665516285586158,1,0.1734454246534901
85,0.028524185328254,-0.037257282169044954,1.1052960007382593,1,0.0033611081025954528
86,-0.04859024011268666,0.01481873728141026,1.0860408670139516,1,-0.03322809518912822
87,-0.013246198672045711,0.02240554712235393,1.0271279169681418,0,0.016512828861637206
88,-0.06125231310951697,0.004813167314145861,1.0115088204866012,0,-0.040480899656407957
89,0.2687113359588186,0.029571181562810196,1.142759975832829,0,0.33834079410847767
90,0.0764441230229825,0.007446508508340068,1.1467123910153518,1,0.11534726605049715
91,0.17502055425466323,0.025339975249608196,0.8247517476642491,0,0.168706177970592
92,-0.06673520490102275,0.05546210214124309,0.9080579658331819,0,0.005630593387274455
93,0.07810351295970039,0.008072177419470562,1.1686622908030304,0,0.09856204779739705
94,0.1777861938808578,-0.02884264331836494,1.037060900124954,1,0.15950140946973834
95,0.02649892380669841,0.003268165518487828,0.8538643987886658,0,0.005671757448777619
96,0.16311144589217424,-0.0245178000958014,0.8284527386360998,1,0.09760343681712497
97,-0.048456791200576665,0.022224756528807933,0.8377727358369009,0,-0.01958255606924239
98,-0.07634715446185844,0.03618701948066182,1.1079360508585143,1,-0.035865850613912634
99,0.09794006120781362,0.023917593234350807,0.8887948237716045,0,0.11053815345748418
100,0.022082356542744777,0.016406164254925398,0.8971834476799612,1,0.03278009888803152
101,0.12420546892718314,-0.0028985091504951516,0.8522387287480147,1,0.09835692500854669
102,-0.1377887931520449,0.04151299491932956,1.0398623418455686,1,-0.08924024443783928
103,0.1312264635470518,0.025065524239986377,1.0055511784005466,1,0.15180013813739368
104,0.3198303927269315,0.015689391134591002,0.9126166290282386,1,0.32092604235365707
105,0.05753740185685194,0.014097206380931405,1.0632497980836426,1,0.08723835369878014
106,0.06341421289098416,0.012232547173000116,1.111113464450824,1,0.10267041881905403
107,0.07795494846386791,0.019044328479188213,1.1918378803293073,0,0.13656693686667895
108,-0.12619757107917873,-0.0022665435812320774,0.991484988044347,1,-0.12490086514983266
109,0.10261466396903099,0.04050499868006841,0.9651938658952961,0,0.13840509239895873
110,-0.10054097440159648,0.013046795057478865,0.9168700824025636,0,-0.06468124723003195
111,0.017232040187619563,0.022001089009450015,1.1138402582845677,1,0.04573723561851897
112,0.1842869549603737,0.0013286544466114686,1.1888851141670276,1,0.2098060088154323
113,-0.013521695610007642,0.017498370671468543,1.0401698437907576,0,-0.004244682694311229
114,0.11012489895674,-0.035635048526129594,1.0569265186107935,1,0.08963110990176201
115,0.16127390539563707,-0.01236597756916316,1.0756543623029817,0,0.14897982684677696
116,0.08787408560959997,0.00937173693627075,0.969313572084282,0,0.11473642034803369
117,-0.07709484700946079,-0.016449462201133344,0.888138926209596,0,-0.07191118738717656
118,0.026752472464858602,0.058788281277303345,0.9024479802164794,0,0.07362447568868827
119,0.2559411342388286,-0.023361626278187768,1.0468796956042141,1,0.24106481770196284
120,-0.1425045762997471,0.01691801498071875,1.0550593735221032,1,-0.1270669317673232
121,0.032421398613382446,0.04311546306948336,0.9847649060090464,0,0.07080037439339885
122,0.004789192851189214,0.019625741188241695,0.817336034883296,0,0.022512910673833257
123,0.07207473630971387,0.00379544893237251,1.1508938121026393,0,0.09355223208987619
124,0.13482156171872306,-0.0010428816766557044,0.8977257099647867,0,0.11803573255508633
125,0.22086909680220534,0.023465109775452877,1.032412941493235,0,0.2657660400626991
126,0.03297676079908418,-0.006005413620850929,1.0954680990312717,0,0.03878801222873732
127,0.14123413299768206,0.00761027780382491,0.8737357938359008,1,0.1462328189700397
128,0.1099740144865173,0.02382397211436161,0.9893173512522301,0,0.12108808493055274
129,0.10743472978718002,0.0038424194684739807,0.8005352497248035,0,0.07552169596143757
130,0.0036076068473527498,0.011750200203774262,0.8189772587767886,1,0.01951929634824896
131,-0.03973214687759008,0.003918274149019795,0.9001959234001,1,-0.00893988668436007
132,-0.05000431126206972,-0.009395952070137338,1.0634891639238853,0,-0.05041738636458229
133,-0.015643720939912342,0.03378300969444288,1.1546701033995752,1,0.028168054729749134
134,0.09216865758662265,0.03786132481165985,0.96979459985652,0,0.13971128988021866
135,0.13609493931283295,0.003666000921932885,0.8100152396571161,1,0.10781855515989672
136,0.09234688478568952,0.004688476826428359,0.9170884047715055,0,0.07497300846533009
137,0.005104490380425902,0.00644201322040256,1.1828006504450537,1,0.030482969554684942
138,0.2405970109932475,0.02077606547251563,0.8444877940166388,1,0.22288307795433332
139,0.211886562363154,-0.008106005304830589,1.1022832565753138,0,0.21743749456834274
140,0.02459998872498266,0.008229493888948192,1.0989310463085826,0,0.041351135395868266
141,-0.022343140598566597,0.015259181103382913,1.0359693089884363,1,-0.005363773059116037
142,0.07302149541579696,0.022840842987744935,1.1723557294697171,1,0.11222903340179284
143,0.1867298645054353,-0.0456167454976284,1.056860028088863,1,0.16014774358918815
144,0.09327649772541172,0.018068064191370244,1.1866022703852246,0,0.1304974862532044
145,0.11565487049100442,0.01691693523838167,1.1304527198759493,1,0.13639248106368296
146,0.03879198777243742,0.030154564733992674,1.1176181847147388,0,0.06881976651122387
147,0.10562708952022307,-0.0005252803044139137,1.1804204700687217,0,0.13140367248568957
148,0.21445444514561385,-0.0003670641053813359,1.0468169094303412,1,0.2222614079777149
149,0.03603312185222892,0.034050331733394064,0.9289398717424437,0,0.06430360402368221
150,0.07433077325078725,-0.02126313412298418,0.841464696368296,0,0.038380147820344566
151,0.08538164765496273,0.04258180582762799,1.0777058558887607,1,0.11408036967150496
152,0.08837253557710373,0.06111788918455653,1.009311654315722,0,0.15132931235987956
153,-0.08118888760712276,0.01954903369409771,0.9541791767230942,0,-0.06402996576055782
154,-0.12768686558738945,0.026281969471532267,1.1798985094342205,0,-0.11851803851969134
155,-0.04196550709218394,-0.019791634141986883,1.164971221947775,1,-0.06108438720905478
156,0.07679422954016682,-0.0038911957339514535,0.9511794094776208,1,0.0662061938977086
157,0.11538561660032112,0.031157250943442044,1.1781952076202558,1,0.17677578344681175
158,0.006932544022637585,0.017236306939644678,0.9728082553657785,0,0.01912554049314834
159,0.19772574828673067,0.006371450739464583,0.882455711822537,1,0.1789812728194516
160,0.04568240256738129,0.014657382646790892,1.0482603305612614,0,0.047930508684996605
161,0.06203159982346246,0.02013952968640533,0.8376992170180559,0,0.07649103948071476
162,0.040603612944733754,0.004138085978259326,0.8610662580187416,1,0.042585965003993816
163,0.07340267927466651,0.009421081100465226,1.12570920770512,1,0.09189661267538464
164,0.13044740740436034,0.00927385250402131,1.1276425922232034,0,0.14071436996122047
165,0.12656534379123313,-0.011045579628218784,0.8962454871281315,0,0.11338202678325052
166,-0.02984229406095902,0.016471892559182022,1.0987451044632919,1,-0.014141315628947871
167,0.21236637764785277,0.04607171829226181,1.189428194844903,0,0.30207113688146686
168,-0.04950264574269175,0.04463924260372385,1.1831366280432873,1,-0.005874639387348071
169,0.06792270140906123,-0.019527985917035175,0.9778089502613407,1,0.038158393214869066
170,0.03256034264776474,0.021412624397534746,1.145562450992447,0,0.06558714537623607
171,-0.04489916773184874,0.02351007561811546,1.02284137924813,1,-0.019963919146194053
172,0.05248794120261684,0.0017897907435271664,1.0259153584048162,1,0.058612593805258725
173,-0.01408137732923985,-0.009284000694247894,0.8957082022085328,0,-0.041304119998314084
174,0.06729072432760522,-0.016416286283432967,0.9536847580105913,1,0.06502507059737553
175,0.10030859612193671,0.001105924422999371,0.8859492879761599,0,0.09100325753366019
176,0.20719293689732715,0.017000182732144258,1.0969804882840717,1,0.24712847769271296
177,0.09073842186274145,0.00683883648465487,1.056236624564928,0,0.09573372284066559
178,-0.001122534030482493,-0.002218661765263155,1.121790135293734,1,0.0009378272482959809
179,0.02083801892803984,-0.014983132627017995,1.0479513335291164,1,0.018237667684275184
180,0.07399781061145635,0.017014325167765937,0.91087370369768,0,0.08359656208627732
181,0.06934608294621511,0.03133084893938911,1.1810106206966031,1,0.1229445846170684
182,0.2059589268228421,-0.008538439440689839,1.0602843320047597,1,0.20389642629361215
183,0.19953529297569547,0.01896857928297448,0.9905349256947125,0,0.19829201693924572
184,0.024106407375773867,-0.027589504878208014,1.1110296664007113,0,-0.00860176360635803
185,0.005135787181380164,-0.0031493221788248347,0.9018506609301662,1,0.00288766649158395
186,-0.19570546040678583,0.024592082390315226,1.124332788408719,1,-0.20083243729375766
187,0.005107958667777988,-0.012355344187792423,0.9353175315068444,1,-0.0033030169346450547
188,-0.03780577060842838,-0.0020887344962486187,0.8298622864420776,0,-0.03614986079297713
189,0.024517554190518126,0.038359336568733984,1.1131514029991585,0,0.04679558578208676
190,0.09915842423501112,-0.004656879605050845,0.8763835437281124,0,0.08963323365278478
191,0.0777192329198988,-0.007078896384585287,1.0577203858981126,0,0.07285947995431119
192,0.05700319929524577,0.021516967238613443,0.9079145139649358,0,0.06172990983754132
193,0.07995821110885137,0.049094671263105884,1.0741794250762005,0,0.11978818421789497
194,0.04738822267690083,0.005206601054117628,0.8504393163439024,1,0.07329888395940107
195,0.07970189325434761,0.025374717206371997,1.0495632344073194,0,0.10411018284198115
196,-0.26310550079193123,0.03691538360230012,0.8768075258991076,1,-0.21008889676834125
197,0.03307065102492457,0.01651104325761144,1.0013437997402157,1,0.040052629200911155
198,0.0489149278946993,0.004601641976298797,1.149080258848717,1,0.06660744496691687
199,0.025873828379341414,-0.0075265347725097295,0.990168648900804,0,0.010695125873738016
200,0.038205373789705815,-0.01850421921842129,1.108826581442688,1,0.02638971950172562
201,0.13033101178067302,0.03223403490207614,0.8585793717891794,1,0.14868878826991633
202,0.0001894668659174481,0.01361914291483774,1.062861115077729,0,0.013481632112492698
203,0.28007020992171283,0.03665601884845866,0.8607921524476461,0,0.2773460216041672
204,0.12882969302220884,0.02977850632699408,1.1074261595097838,0,0.17066703094280428
205,0.05936927490861278,-0.0023394104005523015,1.0856244194947748,0,0.07825523048932123
206,0.039333769680243345,-0.013737733998007094,0.9609626307249839,1,0.025476903546107828
207,0.051347771361786476,0.01825339165873833,0.9880160949483219,1,0.08505066104814639
208,-0.031530706994397875,-0.0026501376868243408,0.8673659427225123,1,-0.022927105253630464
209,0.05047974607419905,0.01753378282001443,1.0542083154227044,1,0.08529334319963121
210,0.08786835167270543,-0.004623038753228163,1.165074592524185,0,0.1033390700193477
211,0.11795416155732297,-0.007224505063945485,1.0241708501339941,0,0.12496080675035691
212,0.11796897791443337,0.007180183809185716,0.9260626287153477,0,0.14183198822441548
213,0.032512245343406534,0.02868201240815968,0.9637784496485174,0,0.05918954964055066
214,-0.08160822525219305,0.016130797906271543,0.8873113127664399,1,-0.04683489019504196
215,-0.006910262623344557,0.033567502973435644,0.9767041561463778,1,0.05078225981755552
216,0.22121930428123882,-0.014671234061104545,0.9980514446700073,1,0.21349281777476684
217,0.14960583134099478,-0.011141542830645968,1.176298049674096,1,0.14340525515914382
218,0.0969619586304174,0.008216726016793694,0.9719617107899859,1,0.10297012786199869
219,-0.0161294244760124,0.05331402766586138,1.1449014632442656,0,0.031258354308465255
220,0.06036451549737779,0.023485722271247463,0.8667306165828221,1,0.08213743611489509
221,-0.06556686856624819,-0.011332254840894578,1.0180682066978215,0,-0.08452621760313962
222,0.004806312430392631,0.008477190940845841,1.036311508316187,1,0.041631725483501636
223,0.03547966583148049,0.014414295816025165,1.037487915293069,1,0.07806122477410612
224,0.0238360068134787,-0.0013737149112201669,1.0008605500218677,1,0.011193089762430188
225,0.1556601931056012,0.02226549982113011,1.1068588684431035,0,0.18531105498877853
226,-0.08187259140354525,0.006871077236703878,0.8691458859309285,0,-0.05370726735369226
227,-0.026543227151515414,0.004013385635806585,0.8272417968446714,1,-0.02108763363350044
228,-0.07746879710222193,0.035205135743849585,0.8570879736047895,0,-0.03530802420181711
229,-0.0637353212687854,-0.0241932180432057,1.02529260899239,0,-0.09742270076743807
230,0.07240558964466488,-0.009236106835693871,0.8998892083878046,1,0.07500637750933657
231,-0.10004405330562718,-0.006346179628815606,1.0954145701938849,1,-0.11165632236269345
232,0.1353868778837637,-0.006953621399973959,0.8251423661860674,0,0.11731234209682084
233,0.03531842230589244,-0.004575060905827506,1.163597749783236,1,0.03573641258674677
234,0.06687883325259775,0.019769519157816412,1.180684780151846,1,0.11170724218578482
235,0.09225767379972039,0.031930656568206935,1.114260418549485,1,0.13709286002467314
236,0.016583347974840887,0.028320825213117774,1.151181312076371,0,0.04933620234836801
237,0.16324797157533777,-0.010391242530580177,0.9513372359940285,1,0.14562406111928852
238,0.0405657273272365,0.007851642028602524,0.8638380890524053,1,0.04529727178231436
239,0.119407025523907,0.019045304269496473,0.8799793921673965,0,0.12320819550518428
240,0.04008876172427477,0.014800059045708854,1.000508972144754,1,0.062411204417422546
241,0.08908743874249234,0.03611494799018469,1.0645542416127243,0,0.1387888730442131
242,0.08796626701579614,-0.003506684710880203,1.0275159323291203,1,0.08235651742356229
243,0.0849969939455531,0.013126388422016461,0.8419756403032701,0,0.07147523596706916
244,-0.037430784962091956,0.0021353857018782327,1.0908964866941782,1,-0.02108641688582861
245,0.103587577054744,0.015021500381790464,1.1155981929704994,1,0.15598678107947708
246,0.028104301090040418,-0.011577938253793928,0.8118099646936118,0,0.020855817476778525
247,0.1230488030489918,-0.008578754419151501,0.9835593593809868,1,0.1305339300877674
248,-0.15524934444123042,-0.004602217195769738,0.9751167681283198,1,-0.15470584917687705
249,-0.0865116222054951,-0.001273386223100935,0.8268877642890156,0,-0.06664903395814903
250,0.09634455621350287,0.04095846531265527,0.8707076949415209,1,0.13418507788936543
251,0.24629275851052287,0.033508038285908634,1.1259963869794731,1,0.3175812828576831
252,0.14350587468112366,0.0057470065857211355,1.0338564434561741,1,0.15061642375899925
253,-0.008245093419998059,0.013458665884190094,0.8875616218066203,0,-0.010054321967157349
254,-0.1092052415377956,-0.02188872036220796,0.9833611868794184,1,-0.11184258535468547
255,0.13426862211616183,0.006414153068970713,1.1418474623976091,0,0.16754162679435142
256,0.05194167779570492,0.013192294266234547,0.8409165818616968,0,0.050283323799471216
257,0.11907042178943852,0.03291368426802448,1.1821929394042783,1,0.18220975915141324
258,0.07152987222107911,0.016536094393499307,0.8565719856324149,1,0.07824353846283298
259,0.06296429251204952,0.018657801175511045,0.9162984547336356,0,0.08565600356331003
260,0.35586254458931765,0.015955257795009246,0.872592631516987,1,0.3367808962902558
261,0.0593870038954421,0.015380023793442565,0.987822697247043,0,0.08954594093414571
262,0.04407547907467351,-0.017935183518699514,0.9242248137656935,0,0.02410303500774502
263,0.04785513245959779,0.001664846633193993,1.1954032414893474,1,0.0630566898223945
264,0.001646328329234302,0.03869773597083085,0.8061613743159984,1,0.045450270987818314
265,0.15901328947153126,0.026477928852184904,0.9286146104325992,0,0.2021352321758938
266,0.02462456662186508,0.01988468998130282,1.0378785000567343,0,0.052337048191474035
267,0.12359427056445893,0.0113343061844812,0.9360090933305479,0,0.12814426573845616
268,0.08846030298135564,0.023188827914913245,0.9823090457194035,0,0.11913760888966413
269,0.18189858621324262,-0.008897788179056247,0.970088005048978,1,0.1702262917085355
270,0.10201795969883613,-0.021601191240275146,0.8344925413010675,0,0.06711458572390072
271,-0.061338478094764726,0.002358268955300634,1.0596204051901232,1,-0.047461624273530324
272,-0.07264877850539408,0.020758461154475563,1.1336045088589262,1,-0.0824439662873638
273,0.20083691460769015,0.012156597645372223,1.0111310388177044,1,0.20702025371915836
274,-0.0008710803264441874,0.030279173576899,0.859833807696462,1,0.02210064003015922
275,-0.07206025797896523,0.017029010331209377,0.9925095918596327,1,-0.0528643809200143
276,-0.006961859986975835,0.010896843924286841,0.805650920231104,1,0.0067978010316993714
277,0.18646252869680072,0.03654969908031274,1.1629923321726179,0,0.257969340522801
278,-0.08202129989485121,0.03264751556914935,0.8962379530232244,1,-0.029142088649819254
279,-0.026649520375960967,0.008038173975611154,1.1609440438201126,1,-0.003156257064428734
280,-0.006680750879651948,-0.012060997220321555,1.0336425135192489,0,-0.02213942253407325
281,-0.06511898734731952,-0.008147229845110274,1.1933332337591287,1,-0.08477653881476499
282,-0.058432733851166374,0.006770977234316931,1.139729227599638,0,-0.06455321767923064
283,-0.09181079752636587,0.0026637723269509776,0.8044355464195552,0,-0.08012531534120604
284,0.013881258686327787,0.04315524659761301,0.8060474362365907,1,0.06135123916883517
285,0.024509116825991495,-0.023602682978892627,1.0973758456373033,0,-0.008895502462843706
286,-0.008253815420330587,0.008714844262215743,1.0067181651222186,0,0.011954463483749298
287,-0.10536978389676413,-0.011324529747964692,1.1021461868603346,0,-0.1247868490647612
288,0.18533359468559954,0.012336037378261026,1.0358767530471318,0,0.2125136273840769
289,-0.07290788291721606,0.017645296657840225,0.8929124309619463,1,-0.02624470145498565
290,0.0878033712022871,0.0019020605117218928,1.1146424781729767,0,0.07710203634015678
291,-0.047476659311887534,0.02060962827363033,0.8124143484036314,1,-0.014292769887771332
292,0.1268316866741528,0.006027461189874118,1.1226053067191968,1,0.1474325496938657
293,0.15558323551671646,0.0064120877448765965,1.0660340902068124,0,0.17690189229430844
294,-0.027761358662765523,0.0016422254916217873,1.0693096924191692,0,-0.019617870126276665
295,-0.1323715729697126,0.023016485774631654,0.8175444182031829,0,-0.08088737572072538
296,0.12957873191396077,0.01277002927412495,0.8839095777165352,0,0.12867297991184523
297,0.24758005467136351,0.041464792595655844,0.9955747165986417,0,0.2862710792637041
298,0.1015694539892434,0.03540049753648769,0.9768259984277277,0,0.14389818776662763
299,0.0760544421479718,0.021075492151411558,0.8105862227519602,1,0.0880166173121885
300,0.14197606096101892,-0.03318883292200095,0.9343323095910404,0,0.11644263830918576
301,0.1365054845997018,-0.019686566240812747,1.1869851153169062,0,0.137264038882069
302,-0.022898883376101034,0.029725011455796528,0.9226256042495574,0,0.026881077003688202
303,-0.005915131069664778,0.00048722880949884743,1.0531134590906908,0,-0.017555565352990972
304,0.12111235500559109,0.014696875153565821,1.072677158654802,1,0.15235141326641802
305,0.04559866525197073,-0.002609507999994494,1.0494654360565776,1,0.05104904696078786
306,0.19166055958635522,0.020357732610324895,0.9158786666671276,0,0.18887402564278374
307,-0.010434214712875839,0.02915979888189011,1.0286755689873959,1,0.009888180913066789
308,0.13506099168684813,-0.014192554791712343,1.0816376665694005,1,0.14620781679459555
309,0.09426379813692279,-0.00627142850975076,0.9533284758010224,0,0.08360270838373576
310,0.047356243629036565,-0.023274568266634245,0.9121215747971932,1,0.034480568913592816
311,0.17759107718346073,0.0146681462365754,0.9099982409221602,1,0.19912589658071292
312,0.12800715328674298,-0.02330560841659647,1.167240143927181,0,0.1328810413658106
313,-0.04049671533821042,0.0026783661020271868,1.0577904425464255,1,-0.025524630686618144
314,0.12402186804198471,0.020392222930656043,1.1009734278957743,1,0.1581517679510669
315,0.19749906314941992,0.05116185869349923,1.027129237566177,0,0.268314508365371
316,0.04695553110153763,0.017368366845749036,1.05218364789169,0,0.0820969396080618
317,0.035134414961502665,0.03505769483949846,0.910607629317163,1,0.07777058947663507
318,-0.006964714764352467,0.015183176851195314,1.1571340461625899,0,0.0049517420940560245
319,0.0586396114324649,0.016184868187700294,1.00047817017429,1,0.08039569917563334
320,0.12862006860529102,0.00578154204453612,1.122140733660168,0,0.15167133605362748
321,-0.021766829957874767,0.0023345973419273067,1.007206232367759,1,-0.009910994006919218
322,-0.074635756073724,0.03348756303085392,0.8465279656537357,0,-0.02974969311692572
323,0.02242500890180736,0.017493487056499335,0.8447290153448169,1,0.03857268893954969
324,-0.07797249786587501,0.01672592689769113,0.9856447617909767,0,-0.06179287263625176
325,0.11232184412826315,-0.00216350520862133,0.9719566303089624,1,0.112067515719643
326,0.017331023000619887,0.003099165371431252,1.1653184719331624,1,0.04057950456128402
327,-0.11554018445508069,0.051349809659581185,0.8526916204618843,0,-0.056448274565722434
328,0.025139248526149002,0.008649963391434493,1.0746227132401116,0,0.016316514762050104
329,0.04073850142059095,0.03652336119183997,1.167256144678685,0,0.06891856869836717
330,0.10491356133597168,-0.00040503422668159046,0.9644306616706816,0,0.10305490671339827
331,0.04546364568457896,0.026030883430965643,1.1539918402370497,1,0.08630466458342596
332,0.24687264568398087,0.01579591197691225,0.8577248004907535,1,0.2442924881786956
333,0.008129614846100051,0.0019257378931372918,0.8421386290552008,1,0.03863285080188604
334,0.05376014514176934,0.02297125797088964,0.8933473293257244,1,0.07439435191819843
335,0.04970893857373294,-0.020868878177849493,1.0084777818310124,0,0.03988845166129577
336,0.03173716155929764,0.021492428578423362,1.05856556675134,0,0.04931512695560024
337,0.07424255850129399,0.0257380644382329,1.1085005623270603,0,0.11909518745056213
338,0.11412312971976726,0.015461463762253852,1.1066203783218178,0,0.14462986870016983
339,0.19400987035364348,0.03621847393007714,0.8447525443486474,0,0.18819104422013302
340,-0.09692561273944636,0.008637990906128622,1.1496025286665001,1,-0.094489512322574
341,0.008965712619387917,0.007017216306976881,0.8449338231356069,1,0.02485334722114863
342,0.015222857464775676,0.017100790582160002,1.1591242803203758,0,0.038650708372586044
343,0.1537850297361706,0.027354125054403468,1.1830505618294964,0,0.20657321847497107
344,0.024333693892665605,0.021396810289049707,1.033639916047604,0,0.061336682589445884
345,-0.1295175593079319,0.005467738506747999,1.0775585870279691,1,-0.11764144662454719
346,0.06877304638665764,-0.009904556903572928,0.9478905021046037,0,0.06222488019363616
347,0.056631076845906084,0.023269585118926336,1.02026198798378,1,0.07914028567404445
348,0.07797515657713153,-0.00579142548546281,1.1328272656885798,1,0.08366888056468957
349,-0.04401628809794822,-0.006365507359205323,0.8637995382677781,0,-0.03611135398791366
350,0.23190346810845036,-0.0030928635208538856,1.0006983358276182,0,0.24608916012007212
351,0.027614021621465375,0.011154176135139682,0.9636876305268207,0,0.0481458423625566
352,0.04117031415063331,-0.0059259292858100995,1.1465542225085723,1,0.04452482638974677
353,-0.03000085698091609,-0.01271376073570061,0.852396638342312,1,-0.03163076634495268
354,-0.03310020038747237,-0.003176838889155695,1.1567019358410449,1,-0.02403337493485379
355,-0.06227369597487854,0.006333363790781928,0.9001084867241959,1,-0.05762626440476039
356,0.020668914821884307,0.019085689362901493,1.0422791967281801,0,0.026664402745258865
357,-0.035758183875663416,0.011345338215274814,0.951959369063625,0,-0.012117295298596049
358,0.26564673412252215,-0.01160924190497751,1.1730972646121567,1,0.3064682691901417
359,-0.12884923803868154,0.014573242631421124,0.8790110646747786,0,-0.10801313807973
360,-0.05283305481817939,0.01645511042792,1.0010161579808035,0,-0.03824781547583658
361,0.019858557154298517,0.0009007361917089569,0.891315617269392,1,0.02017541623143377
362,0.12734912780983249,-0.005924921176559265,1.120490823249673,0,0.14188700192000792
363,0.01862431186199375,-0.00593260308124762,0.9084216435886052,0,0.00981641216440705
364,0.12759633930029773,-0.0006362463369110633,1.1813950218267797,0,0.1545405859000543
365,-0.038680388929032195,0.05428484072871748,1.1697594259508484,0,0.0249582960701998
366,0.06592911338947068,-0.007781448175810933,0.9900761102775482,0,0.059493437036065994
367,0.23440410870108336,0.0153199833435776,0.8051724588570346,0,0.20307687137762795
368,-0.0367744395699478,-0.004282051927458386,1.186167096391166,1,-0.047951174642356216
369,0.10195676758953945,-0.00011966231570640327,1.0743856480104395,0,0.1047434725437902
370,0.080692751928326,-0.0041227287879280535,0.9967916647979539,1,0.0803095419501072
371,-0.165153498598787,0.026024047718131445,1.0416342275807127,1,-0.13072218234236455
372,0.001102945352932115,0.017582156570866116,0.8443942243755955,1,0.03147319251863022
373,0.17311519053059893,0.007413123977183917,0.8630149646751734,0,0.14209175933939253
374,0.07350776724846987,0.020058698932995396,1.0555648681137293,0,0.11645354663449144
375,-0.06122689628960637,0.024869313905476798,0.8195843766228362,1,-0.02574844618680312
376,0.1290777272915643,-0.007014300928030121,1.0809206096748325,0,0.12710058617976042
377,0.012087705468564726,0.02094504826366061,1.167911560022207,1,0.03839770133606138
378,0.09600507280808368,-0.004352633688432268,1.083582103869516,1,0.12529737895810103
379,0.09769201144376306,0.026758704543870443,1.0242536571887058,1,0.13825204988039821
380,-0.05186956011455729,0.02480396958773105,1.117681388461416,0,-0.0308330879263175
381,0.13898280347342987,0.018074061013935536,1.0993862984072673,1,0.17007204048082003
382,-0.040750880123517616,0.005801473175519288,1.0362639878086222,1,-0.02960242285230119
383,-0.070578586634164,-0.0005221852624220039,0.8788092068812878,1,-0.03473046840651784
384,-0.028282898772203705,0.004727426026538103,0.8031327967197236,0,-0.009244228316087665
385,0.025390996613680557,0.025383095281070616,0.9829222210000402,0,0.04593187027829088
386,0.07094031564412624,-0.003646620913353606,0.896416403975678,1,0.06152827060221591
387,-0.01725837323724401,0.010993424799406846,0.8908514159624484,0,0.001688055318181017
388,0.13448193123951158,-0.02495258338643539,1.002678394882433,1,0.1245360034914283
389,0.08514641840435942,0.01520749317048602,0.9501577727517435,1,0.0896400649222576
390,-0.009479821510550282,-0.010710568348419014,1.0016223430863314,1,-0.011294322938879898
391,0.14889929175948557,-0.016362734636701064,0.9077101713312166,0,0.12602748542926293
392,0.17610683576464836,0.02037429763881283,1.0440469439475635,1,0.22184910309369707
393,0.05013153031904865,0.014206750602676194,1.048794561160967,1,0.059740589987804085
394,0.038501695503610905,0.0011324502070398524,0.8835669351419145,1,0.063222140601747
395,-0.11737713532563518,0.0039580864846138495,1.0269888968326732,1,-0.11564102841110366
396,0.019248740760853103,0.05542067534913388,0.9780862804087795,1,0.07486668273225047
397,0.030849328743463487,0.006117114139540662,1.1877704441796473,0,0.03776006726701757
398,0.0845379407259692,0.0059756794344482025,1.0887134745023517,1,0.10888974300602863
399,0.04315735683695272,0.02304610558309489,0.8727566651247427,1,0.05644656046934553
400,0.08440269381404947,0.011744246745367084,1.1528113494353518,0,0.12641445234115023
401,0.21340902893038646,0.02974856899515147,0.9908086059060083,1,0.24160057596235537
402,0.007008590136632339,0.015548976037642853,1.13874270157345,0,0.02478817658537521
403,0.010902771743415307,0.025221782850767645,1.1323630131773479,0,0.026368212617459932
404,-0.07091653143025817,0.01886660825969666,0.8069402295895672,1,-0.03857766343912695
405,0.05913395332584144,0.02290607529647283,0.8934647565002656,0,0.05560587798256959
406,0.15768129824696103,0.00914694060307644,1.1644366439458078,0,0.19246973835126252
407,-0.11510703491923696,0.014450555545382073,1.1078979538349594,1,-0.10910771748925434
408,-0.006585696701938759,0.004579290135988203,0.8541302229576843,0,-0.018658884029481244
409,0.06359405025039185,0.022083390147726804,0.8849169514536659,0,0.0765071760237076
410,0.14501028835244373,-0.016920773691306915,1.0474589694131826,0,0.14001232171289893
411,0.09828702390268652,0.024522725797761123,0.9114783526071528,1,0.13265488807308207
412,0.09254636281821306,0.02996050700444417,0.8817089736207602,1,0.10747994354239379
413,0.037568721402909906,0.0248352355582944,1.1933646809751255,0,0.05148797490231662
414,0.10818742570187152,0.007918045609667697,0.9834481700167054,0,0.11308744246543742
415,0.1614303883533461,0.02010458422213928,1.0077681017924518,0,0.20073384043490483
416,-0.11089917765492036,-0.005531573358875171,1.0608954463098388,0,-0.1263891010673952
417,0.13285354008351336,0.026742044278020835,0.8302940283565685,1,0.1373367900616325
418,0.050124019413328676,-0.011984305811834047,0.9586124499319113,0,0.04690592751302865
419,0.0070011135785485665,0.0218746224249906,1.1621712575060046,1,0.031218882639012735
420,-0.1843075785879315,0.02065314789226777,1.1772870432701288,1,-0.19495251519897827
421,-0.07803513236542994,0.01813455672527391,0.9981047871950215,0,-0.06656338913408742
422,0.22980589922472508,0.0010583271150547933,1.156885078734045,1,0.27306942076890883
423,-0.008854853246355446,0.025203324659350875,0.9996139808759427,1,0.021176142565889084
424,-0.04847687712530821,-0.026745297251272823,1.1942442194233565,1,-0.07801217597605174
425,0.014357404385640753,0.02554443624735918,1.1148754125903395,1,0.04757976878757946
426,-0.014514722185859336,0.01382875819065829,1.132124083217252,1,-0.013178515552608266
427,0.07243586326189154,0.03101917345083708,0.8745726761469222,1,0.10585806968657561
428,0.21169736782466114,0.014000979698330933,0.8017950908186634,1,0.17481612559716175
429,0.0013384049147786223,0.046763802935194235,1.0019801185268036,0,0.045098290553427726
430,0.07542900505518711,-0.00883638666896292,1.1931218892389652,0,0.09367376334553479
431,-0.05472371412402355,0.022188146370031366,1.1869033141607908,0,-0.036809715721658226
432,0.2120166442206532,-0.007720089783114425,1.045674228481335,0,0.22930144558160875
433,0.078904344241411,0.0074722763909154995,0.8738622070158499,1,0.07662637300144702
434,-0.04818191232906199,0.024847451752853498,0.8035899974767678,0,-0.01942175276746981
435,0.15043062201346424,0.02250860652421002,0.9985972025334257,0,0.18448445324802137
436,0.17999876485826133,0.05159077360715355,0.9207792991917925,0,0.21883460059480994
437,0.07614563634076355,0.0029718653327300126,0.9347156833077368,1,0.09991647662737119
438,-0.1039396967540776,0.03572002688292364,1.133308840470324,0,-0.09128093067572034
439,0.23851688135164748,0.004913996257396159,0.835737699502425,1,0.21658456292571873
440,0.09101225206265262,-0.004018001765693977,0.8362800687886645,1,0.08345457449450766
441,0.17704542973614534,-0.022459071228340483,0.9770555213057255,0,0.16243729983280822
442,0.00491067948828576,0.013253412518043012,0.9653751068508265,0,0.024233341511601208
443,0.020137607526609952,-0.00042611211232256377,0.8255536851225442,1,0.028305375740173496
444,0.07104531092905654,0.026950347396578075,1.0182001513325882,0,0.10104817935208023
445,0.17134016780358802,-0.0005680150986886456,0.9728118965061185,1,0.18098573050908284
446,0.07429900281671613,0.00046796884836110796,1.1972230648322388,1,0.0897889785914135
447,-0.06568338125336817,0.017093105528618775,0.8264345175863835,1,-0.022848734699682266
448,0.0861989196783341,0.04442431596278785,0.8469678464682008,1,0.1413020406412971
449,0.2229534194510767,-0.01177299761872297,0.8633694852106051,0,0.17382011528040778
450,0.06658062824628314,0.030352256094639908,0.9299443509484088,1,0.10443770734830128
451,0.07293855237764826,0.02748210599590739,1.0657987678363157,1,0.11464468644248961
452,-0.06625437427838199,0.005581080592631321,1.1866021236178648,1,-0.07735160925658333
453,-0.08029890877228396,0.023508325700366806,1.1630767122353716,0,-0.06875880630714155
454,-0.0037692138813241877,0.00431447147345046,0.9768418643857925,0,0.009702968180407444
455,0.027348235338127642,0.057427769080505,0.8283692767161925,1,0.09280970739732883
456,0.070406073501028,0.007758094164898431,1.0579754143345288,0,0.07364169812417558
457,0.07659569744741766,0.011608281871053287,0.9670712864371043,1,0.093508002109992
458,0.22019076510169283,0.003484167816983504,0.8093354334423047,1,0.19149129974463397
459,0.06586874384499099,-0.023869080950230777,1.126949753797565,1,0.0646092929325064
460,0.16644226884109076,0.004736932402436214,1.0117022304645353,1,0.17870106048388332
461,0.05606706653550846,0.014640739430778142,0.9751487034696804,0,0.0637485492383503
462,0.2048903611625761,0.04001845243313462,1.0894579964885487,1,0.27946135174786857
463,-0.1270397478747201,0.019839142555931322,1.143271433319084,1,-0.13111710174755375
464,0.00012682333215706387,0.00621235624534606,1.1728935460009007,1,0.005018503347322345
465,0.15830333962592408,0.011198863854952359,0.9326490059000276,0,0.16656161134058273
466,0.04284039947432844,0.01654680732816597,0.8735302601769056,1,0.0622991760018723
467,0.15315296133879658,0.002420678828421322,0.9321233904220406,0,0.146696834096084
468,0.09850661027772711,0.023644740336057242,1.1905220606961744,0,0.13291867700521312
469,0.15458769837130343,0.042501763161733624,0.8393915036537956,0,0.18142883075443716
470,0.12130677280288434,0.002737025230089265,1.180115115093815,0,0.1516776056804454
471,0.12736489338137502,0.034150605317007234,1.0473866940743064,0,0.18709680513419708
472,0.209245538715155,0.02752652608462642,0.8038727177430153,1,0.20773688314596364
473,0.158647401870094,0.02074489722107729,1.143658353480501,1,0.1933459135118281
474,0.15938067071364098,0.012238512371137295,1.0724731466686432,0,0.18422243442013553
475,0.06204187587855766,0.01675567741965421,0.8578504444361269,1,0.07409171294202777
476,0.0018149790183127623,0.005652136522563825,0.9365403285233164,0,0.005783550625452791
477,-0.005956008827229645,0.046737370074531936,1.1491531097191106,0,0.037904135640889285
478,0.13509445971896805,-0.004368063115109266,1.0914544656934857,1,0.14972906134314273
479,-0.18384605640450238,0.032698893885718686,0.9274627670189961,1,-0.14020259207754612
480,-0.07071781883042857,0.04099443442531231,1.1176856925018452,0,-0.05394254588111732
481,-0.036325368587879006,0.0035373133435460027,0.9019222880239304,1,-0.020141605391716343
482,0.03523786213063829,0.033316939185842165,1.019767167748304,0,0.08019887319710307
483,-0.2031438036808334,0.012879626924620214,1.1734265380357258,0,-0.220891464125691
484,0.18587213025893326,0.011247195772710064,0.9744880935418879,0,0.195329533074193
485,0.12001752363295938,0.008508726143277582,1.0224990847976654,1,0.12854152419037085
486,0.25845823984585664,-0.02227462201084842,1.1104779961608946,1,0.27836219207140167
487,0.1662214468922782,0.020958479165034103,0.8814948339770874,1,0.1528003342739373
488,0.16303793311520282,0.03887103528703492,0.9796234446504628,1,0.2239450862994254
489,0.28506760310308676,-0.004094408452492116,1.1680217644963828,1,0.3283316145742395
490,0.0029041913142570097,0.02694677316158079,1.0607372750403607,0,0.037162474289018706
491,-0.09034583992493944,0.008295892154125562,1.0805523270368425,0,-0.09390369558743152
492,0.03676426035072601,-0.011853785499548285,1.1848975854470423,0,0.03278660146134059
493,-0.02249920538471606,0.02995779931439567,1.0355616479795018,0,0.0032345476380646505
494,0.034315463897555284,0.043720736625924884,1.148215005063637,1,0.06809572821286237
495,-0.04502189902580904,-0.005885047177392201,1.1969707361235515,0,-0.05349217255214571
496,0.1167880067453997,0.014316033910657474,1.0705045345839383,0,0.12864676150216836
497,0.11129828495987243,-0.018794714153587015,1.0739118062611368,1,0.09423288329905674
498,0.05730774094317276,0.009159853628575295,0.8724116992539456,0,0.05429565989141494
499,0.091158150338288,0.019721328056865266,0.9852281897440254,0,0.1066762240385845
500,0.045794927287081705,0.045058192116869206,1.0951322996181605,1,0.10372685020471574
501,0.13520336682672812,0.04115147432252249,0.9370318108033979,0,0.16273129373593725
502,0.0669640749485356,0.04284996683126442,0.8467329997225966,0,0.1263785382890136
503,0.033455437510422674,-0.0005418388374408556,0.8083694394187111,0,0.011104136283434363
504,0.15295844699427108,0.005096698630019685,1.0674915086614232,1,0.17011809780823084
505,0.18608212692267614,-0.023286108498438735,0.8133101040263906,1,0.13791188291201667
506,0.19374538256412124,-0.0043031101683795765,0.9953000830630132,0,0.19941367599644194
507,-0.039027468931948195,-0.01903658403690215,1.1530839620331887,1,-0.052748929398292364
508,0.006555279195830252,0.017310737932744832,1.1295982148748196,1,0.038181957442025696
509,-0.1101496094747692,-0.003939800095824874,1.0877521552552065,0,-0.1306872640694611
510,0.03614349817963938,-0.012028445396299459,1.1439003619538322,1,0.040268614399897075
511,0.10161238144776258,0.0028917112819863925,1.0993740134254864,0,0.12762976830602035
512,0.04671988254880251,-0.013697539118588868,0.80726651076325,1,0.033942679119595254
513,0.2530850867048302,0.016180336395752656,0.9884883202826956,0,0.29029879786711876
514,0.01941566248886431,0.015688949880468733,0.8058714368843021,1,0.03574156424708044
515,-0.048850855548892916,0.0036857481988452076,1.0220279879920853,0,-0.04954557618706549
516,0.11685042066678755,-0.004613509608268528,0.8944682556943754,0,0.08269750144617306
517,0.07499338284981605,-0.016788827496911345,0.9764430417603608,1,0.057036070561005
518,0.11496425958003854,0.021107132104960798,0.881607973665048,1,0.1325935540932319
519,0.09037879307861897,0.01457441479870873,1.1277045604059752,1,0.1304605391569065
520,0.08437657605308736,0.01928630928244887,0.8737281535293667,0,0.10697980092276728
521,-0.15222988830425918,0.003871292380947057,0.9305470675941478,1,-0.1305826815698398
522,-0.012611402751734599,0.0056415298883719595,0.8060703552700187,1,-0.005214379447963661
523,0.0009675082047135575,0.03883998297552606,0.9238335421941943,1,0.03154875668842216
524,0.025203566206507357,-0.002011697309978742,0.8104942477793537,1,0.021593816944187
525,0.015160836153905871,0.0037471195488383143,0.979994635967414,1,0.013337058304353902
526,0.1012818761687691,0.024877841657302977,0.8107833912312441,0,0.10499623754689347
527,0.12008825086920194,0.016058225931112596,0.9552671795445218,0,0.11689546254529325
528,-0.05316409267511525,-0.030932444141329972,1.0426167907239234,0,-0.08990573953294656
529,0.1286804406794678,-0.02375773460063335,1.1640077369161894,1,0.12470826599550253
530,0.1185768138667071,-0.0032166253322018883,1.0214641782536988,1,0.13309842373387856
531,0.10657700660382166,0.028205993288907327,1.0060364516016018,1,0.12873024892345236
532,-0.08178944880296693,0.023433461553653667,0.8188844474061772,1,-0.055400003251508415
533,0.10405823002889994,0.02039046721499971,0.9497021161640036,1,0.1320585310636017
534,0.068259541953627,0.022554881926716473,0.9574385574411024,0,0.1029681011483673
535,0.1560880075213844,-0.009378895092450447,0.9294668240476502,1,0.14843223068516073
536,0.23843567953013034,0.02202094186501108,1.1556889472876652,1,0.3011567564035081
537,0.2188067885594262,-0.008425673934450857,0.9583022433621355,1,0.19767080593837616
538,0.07126441722399281,0.02894598403544211,0.884371678685702,1,0.09487463800606744
539,0.05981253082742294,-0.00021130268428147178,1.1140065776836998,1,0.0674712610450556
540,0.12319482840093328,0.0156325215621336,1.1250100369331337,1,0.14721906056672118
541,-0.05150399534194405,-0.02748996807438034,0.9381638244681164,1,-0.070676970609563
542,-0.08506831416048005,-0.016977778244107705,1.1285481723914974,1,-0.09510179944555364
543,0.012746940797500134,0.03181354875775158,1.0822658984514475,1,0.05915405959488174
544,0.18205689137145276,0.0238348774037382,0.8440026119335498,1,0.18602263139664613
545,0.026887170171752815,-0.014358735466415985,0.9472553669058843,0,0.010539073691048775
546,0.21025809058094352,0.03571183444827999,1.140831578436649,1,0.2707877847106843
547,-0.21881128830850027,-0.011815688576362842,0.9491781617306392,1,-0.20360395589729063
548,-0.09872064267876307,0.010399222078086651,1.146031311403159,0,-0.11710824616028791
549,0.04763112671443008,0.00039798756267695433,0.978183097227364,0,0.025558432537231574
550,0.14881945413408756,-0.008468303932422415,1.0258484418655927,0,0.143572774449597
551,0.05303769012799074,0.033358811230771564,0.9557554910668087,0,0.07981783579125566
552,0.050434725550670044,0.04369962991248537,1.0453481891408796,0,0.09287654878563187
553,0.0478258504742908,0.01356548434195314,1.0096100275589577,0,0.06910223031762494
554,-0.11628977344010746,0.04051997833725336,1.137000485310635,0,-0.0863090347333047
555,0.1758068874439853,0.004375698936212083,1.1869439104817392,1,0.22469058186656804
556,-0.008276471983737141,0.012166171967647087,0.9156776997048018,1,0.020494281759672408
557,0.1689532657214453,0.012629785127892368,0.8617092674373115,1,0.15053526150752702
558,0.05294765820376502,-0.013134177772474437,0.9310132310933421,1,0.05865151494707348
559,0.16681603873290815,0.019989137849250622,1.0849891670052398,1,0.19744791899566155
560,0.09432579809775662,0.024193862803247382,0.884298293089726,0,0.11070192005753131
561,0.04933255094417577,0.006530527307173463,0.9287710396944752,1,0.07608825272560807
562,0.08262616470687026,-0.02383502336225686,1.1739893766997958,1,0.09445586783222308
563,-0.08729776091115762,0.017354109887421542,1.1013478853582923,1,-0.05965732195425083
564,0.0606029327171035,-0.020300270283005663,1.181413992191549,1,0.05608054924803726
565,0.23160403221121312,-0.006225396672715431,0.8346783962603235,1,0.17750424171185214
566,0.19081935639887151,0.012628425849006298,0.9949557621546796,1,0.19679253034514482
567,-0.03850235826980722,-0.005393249286475072,1.1618501617695305,0,-0.05329417560883453
568,0.11056858513379232,0.015073533010903493,0.9757788812725344,1,0.12112248624267896
569,0.08479798847475385,0.005475794902070406,1.0757343302932545,1,0.0945192595465541
570,0.1417188280117408,-0.022609930214821092,0.8681041566722879,0,0.09805829839201498
571,0.06941528855222119,0.013359431221570201,0.8987032480239,1,0.07434812411654894
572,0.03664960068699,0.021731593605730813,0.9694003607693954,0,0.05209889422901977
573,0.19306307763606484,0.030248004856237624,0.9255222970615832,1,0.21485723525198686
574,0.08163965682720101,0.0026686385046610943,1.0575505398478995,0,0.07909891680332157
575,0.1855464321946314,0.008770326425295872,1.1305721922274783,1,0.23072570469079762
576,0.1574386203344494,-0.019902173386796014,0.9432374270371773,1,0.14306455306527469
577,0.027551275848109215,0.04929778810678582,1.105288043704812,0,0.07517157006767342
578,0.043299972564284035,0.04010016378699368,0.9120645234897667,0,0.07969099667597779
579,0.25298324339990225,0.009363319647728975,0.9612344980594059,1,0.2727231969524044
580,0.0791482325439912,0.007503164547100906,0.8142265070812591,1,0.08495792619063391
581,-0.015862842336002436,-0.04860445688735953,0.8578462752089306,0,-0.0460441719445269
582,-0.060004327798502344,0.030705251258254983,0.8449738558598261,0,-0.012287252764771786
583,0.15741324352577568,0.021257223623145752,1.0307732283194608,0,0.19382877644023033
584,0.0760293721096273,0.026256237409937364,1.0510601220501439,1,0.10550976406986484
585,-0.019209195052898365,0.0018950368940114648,0.8221526644460482,1,-0.00919456811684466
586,0.12745848312366248,0.0006114234987326678,1.023437417662934,1,0.1284241235273466
587,0.07597486950559211,-0.014708372916406672,1.101260943024502,1,0.07479854390671188
588,-0.1060475070762957,0.0255601946037,1.001650407942042,0,-0.07522624255107542
589,0.11886855547108122,0.035043077573969274,0.984671783011466,0,0.15444020671813183
590,0.19331907028432335,0.032477657535260926,1.053714015870912,1,0.22620705373452155
591,0.3159850230632471,0.01374515152016706,0.9529987114644363,1,0.31198028905224
592,0.06349025640620044,0.0034669659566494556,1.043022045513355,1,0.0629089263765395
593,0.08326496582105465,-0.011039408467322076,1.1698356119396078,0,0.08948902410235265
594,0.22065968052348045,-0.0040350103926170885,1.141956683939335,0,0.24402319995031557
595,0.0768722266936479,0.019351009472700444,1.0950967977666228,1,0.11123106927577521
596,0.08753418630799228,0.0043089324919825325,1.149416568180246,0,0.08420214897146822
597,-0.003061839143057604,0.04282808369471038,0.9198992224491584,0,0.040999364928934606
598,-0.07943751127131896,0.03304712061648655,1.1001823507606292,0,-0.06455579325994855
599,0.15126879358198553,-0.002036182642323128,0.9166220750619284,1,0.1487536252116359
600,-0.0673570236812244,-0.014313241286700066,1.0065393009267223,1,-0.06939525656837957
601,0.1740656242947463,-0.0009683668554233502,0.9951146728361346,1,0.182804134595164
602,-0.018816555888765962,0.031307658928729894,0.818974931047146,0,0.025317315260399903
603,0.08652339583982989,-0.00047844816243438476,1.028153221486616,1,0.10158353328832492
604,0.022772826864171404,0.020919759703330015,1.00196139915847,0,0.038564126379545316
605,0.17746002379573406,-0.001317602384543452,1.0076651169785,1,0.1680499349747209
606,0.0900846402206581,0.016863283140468876,0.8127394785458628,0,0.09722354220377762
607,0.2559095352507142,0.0205628394670596,0.9496781624219763,1,0.27181308376232677
608,-0.04836776793595818,0.029716664911690928,0.9692689857382768,0,-0.039933483648141525
609,0.10138630815357569,0.038664802611594995,1.094532310696681,0,0.13249112994402462
610,0.0647341880907133,0.0362045786961587,1.0937912631140985,0,0.09406946406457325
611,0.08799435712569227,-0.0006034301834554091,0.9526610212627666,1,0.08743620798895838
612,0.21959211716104488,0.007059625277119145,0.9614674509886126,1,0.20919413213972252
613,0.11853180300922858,-0.013470501904166947,1.084315518908829,0,0.12160619083135445
614,-0.05475254086772072,0.005286294249310663,0.9678381172554553,0,-0.05280414385011162
615,0.1133510818339829,0.010486342897291836,1.0426335847061752,0,0.14413224775256364
616,0.018438062384424928,0.0019208013014113817,0.9069447159363467,0,0.0229101715232222
617,0.012664502992920955,-7.169136899011844e-05,0.8215319064692923,0,0.009027886738663938
618,0.16458573280333688,0.03064160355504921,1.0777140615390803,0,0.21223644896503388
619,-0.00023399830262286342,0.028149658901814992,1.0675273483762822,0,0.018567543517934878
620,0.02202696724198644,0.017982440957040893,0.8333463874298638,1,0.05579854794424164
621,0.06324072544038706,-0.01555021207125905,0.8097725203888163,0,0.04616471044076726
622,0.15461858967453881,0.014018617990004676,0.8009812911372627,1,0.1453308898292027
623,0.11815898028611893,0.002315368581199925,0.8519567920682196,1,0.12731404649991962
624,0.03655850880821286,0.03631454921594182,0.884776488186442,1,0.05900736989244877
625,0.03278235343126067,-0.026045814933467207,1.1428066324938806,1,0.02451293093560234
626,-0.05601296615335287,-0.0011764738259929363,0.973338023236857,1,-0.03865467113847986
627,-0.015983508859266318,-0.0017330061650713338,1.060871534144697,1,-0.008722753431886297
628,-0.0054381085820493225,0.0006685193608019467,1.1878988119013514,1,-0.002347172967385118
629,0.04507090582525544,0.02915157496994277,0.9768074139799905,1,0.057578150846040094
630,0.2586763037169162,-0.03704716822353703,1.1195814378610134,0,0.2634140304406113
631,-0.007546943378643187,0.0058389564754023895,0.954443637692916,1,-0.0006306203824647865
632,0.030417093209436134,0.027014413482349293,1.0965872738774431,1,0.06465570128116915
633,-0.1452398404976606,0.029602350120167195,0.9056323955923972,0,-0.09206749471056794
634,0.12005710943105072,-0.00098155721080132,1.1551307342816262,0,0.14759070313011527
635,-0.09774487938270054,-0.0035955629868417403,0.8208779399731927,1,-0.09038922750764564
636,-0.03065895221643572,0.016924271469454154,0.9809259238867839,1,-0.01802513073860472
637,0.1642335368440993,0.013020733805014399,1.1954395557799162,1,0.20727443870810347
638,-0.15049284295789625,0.011388062300545138,0.8574932229559291,1,-0.10576862902469131
639,0.06959204123952399,-0.06602756393721983,0.8405091275634379,0,0.0032602902634212404
640,0.14009296466651266,-0.012543444098062679,0.9327546419687129,1,0.1281528843559058
641,0.21254442364402779,-0.007264461256970141,0.8544232906187605,1,0.17493257245326949
642,-0.03200931084896136,0.022860197239180716,1.0711058489301408,1,-0.007862401763761294
643,-0.002402485023986503,-0.018815194093381435,1.0457729553251596,0,-0.007464983591668197
644,0.24044363234026014,-0.010932551217209001,1.0104640575648707,0,0.22078928369031758
645,0.05749398554184022,0.006912319881351967,1.1881190861472575,0,0.08302023930787358
646,-0.013626393426967184,-0.01575190353559705,0.9263873515956925,1,-0.024445936406357935
647,-0.011748583730722725,0.022857078103619317,0.9776172342857077,1,0.021267923484648246
648,-0.03725563235674656,0.0021719264038278664,0.9853270050722467,1,-0.02928656719122118
649,0.01603277945740072,0.04665811864588634,1.0820303007105414,0,0.07432121389492338
650,0.16882204764493447,-0.002594374341177765,0.8909426536672135,0,0.15312337540832907
651,0.1487766068573464,-0.0015256640633312842,1.1022134239477337,0,0.1631624531642614
652,-0.05742703028253446,0.02608876578538618,0.8741255769243792,0,-0.0014617272279398297
653,0.0814586074704235,-0.0031067385333295987,1.1908176242084798,1,0.11140412736297425
654,0.01978402649274822,0.04023136640884346,1.1809723329545432,1,0.071311517427646
655,0.13824404041044422,0.019658298845445156,0.9598102836072399,0,0.16010127794323398
656,0.04436402727707006,0.003922401211123748,1.1519404925436032,1,0.06119859927331435
657,0.09715246817997672,0.006784040058458445,0.9577243521289013,0,0.09291687245982125
658,0.04413947930415006,0.06701415474235178,1.0164812169200241,1,0.09964944995790093
659,-0.1587085930638223,0.01977308717995902,1.0990753281037633,1,-0.12901298537987965
660,0.06470024453686445,0.013009540318828595,1.1034420808179122,0,0.08000950717084938
661,-0.06717469495300868,0.007348464896332256,1.1543448689376772,1,-0.05930338587044948
662,0.13471284116768412,0.030743240653605286,0.9847071321640556,1,0.18104389679571367
663,-0.00798278923997879,-0.020366526275985362,1.037497656429085,1,-0.02803918592443779
664,-0.0005012656072989549,0.006376239540663549,1.0279553786211824,1,0.008082889159634414
665,0.05910971749876974,-0.04667314912027005,1.002227280604444,0,0.01775975510150241
666,0.11777939542243807,-0.0006681525182333399,1.0778688102156315,0,0.13156387800938657
667,0.04302561822008713,0.02695853625821388,0.903833762678757,1,0.0711787290160271
668,0.22421827720450202,0.037644616777104345,0.82611903807728,1,0.21731767430242763
669,0.22488178614858081,0.022119404763600782,1.0074797970286238,0,0.26157417781349007
670,0.23154685921699908,0.022799371829954833,0.9713464868182178,1,0.2603389567615751
671,0.03656812754412325,-0.024318029799092623,1.0108766418029909,0,0.014466996017652629
672,-0.08819584561028548,-0.00356747622789866,1.0451601012507135,0,-0.087698408564226
673,0.18200785142382792,0.03948810031824246,0.9459710943453409,1,0.18422348629193996
674,0.018365471470022397,-0.0004772002096826086,0.9227891952834775,1,0.02210478293591344
675,0.06381663120020077,0.007280351958137686,1.0702887944884891,1,0.0763541699838091
676,0.122832010285517,-0.006111239727153635,0.9601938778010685,0,0.09222918255749568
677,-0.10044364005126521,-0.00867502970980488,1.1332537293659906,1,-0.11205474376227333
678,0.22291212053324977,0.0005946154704059119,1.1049096474698281,1,0.24205224139412673
679,0.14749623291033076,-0.00322111931854298,1.1605403243213699,0,0.182116185428102
680,0.09522715820714728,0.029150035916336837,0.8384731476911685,0,0.10757776302015608
681,0.14909167504786913,0.014307391957785881,0.8643553064747276,0,0.14984134707201707
682,0.11569525393273475,0.03037767652887035,1.043144712009375,0,0.14527819260544308
683,0.07168281155690778,-0.01774475006654188,1.0833858117680182,1,0.07313969455124966
684,0.029222567785543968,0.03450906296408114,0.8843773895180657,1,0.07952494356256402
685,-0.013914227435578241,0.010429124480898107,0.8097159324410234,1,-0.011577962696627
686,0.08872142809033677,0.04678696768251889,1.1446286113462723,0,0.1545203047319607
687,0.09612030597716748,0.008944477232787023,1.1112710966004717,0,0.09928326246296176
688,0.16831988026881992,-0.01986803629325841,1.1684603265968272,0,0.1756611421072049
689,0.08006600087191967,0.03568441255747675,0.9158793895998233,0,0.11161092489284698
690,-0.025320151578056088,0.007270235237529354,1.0039030052981626,0,-0.029070444610013343
691,-0.09762328473966561,-0.033042301593337785,1.0907306362733085,1,-0.13783252998195586
692,0.04724378379900691,0.01290389362739408,1.0503389813572026,1,0.08249406523090709
693,0.05725416233104291,0.014624562517162393,0.8049717968217753,0,0.06966588934361542
694,0.05019084172064003,0.031522254866572376,1.003945370622488,1,0.09725504723243197
695,-0.09305128973556243,-0.06174987662428915,1.1927448124211226,1,-0.15143267284148737
696,0.16744651405355077,0.03297738950222591,0.8929339376252148,0,0.17933974041313772
697,0.16726297462337825,0.0005080649051606642,0.9823721025726124,0,0.17483991375000385
698,-0.022328516461449108,0.04852495815841719,1.1230053177099835,1,0.022424374562769057
699,0.14059821116221544,-0.024365620016813187,0.906447909374478,0,0.11556165509435948
700,0.15528308618116565,0.020906778038414373,0.9626752084523968,0,0.15911042111549856
701,0.0638447076647693,0.018234376615105338,1.0761809321810007,0,0.07864052920270881
702,-0.0348498626194077,0.0015577053947882797,0.9799571665824114,0,-0.015112913503436649
703,0.2213381535261024,-0.005476118102173558,1.1816299703784536,0,0.26215283459661176
704,0.09809214337722266,0.002525099445777941,1.1400783006944786,1,0.12265007160049053
705,0.034896254478795734,0.003065594188751149,0.9159916816193675,1,0.03822722521520627
706,0.13728453956729086,-0.015068760128753788,0.8002227691371978,0,0.09097977320848932
707,0.22222084878501516,0.029859843401024905,1.014492734369121,1,0.25955473432424553
708,0.010283985331113445,-0.011844006928641947,1.141303884140451,1,0.0040081640620932115
709,0.1291422545256789,0.030463819555600152,1.1636709650236254,1,0.19256497619975518
710,0.25431601707247087,-0.025778691305018454,0.8488092228094355,0,0.207100497311245
711,-0.05165648342354798,0.006456204396162502,1.156560830881081,1,-0.05668727234744588
712,0.005074641127193712,0.006753869339284052,0.9990707405695762,1,0.01861774113348164
713,0.00021449194077950012,0.009684112561128841,1.1916806537747442,0,0.018053725813899142
714,0.044167286295077976,0.029125917593586167,1.120684586582126,0,0.0758610301126917
715,0.03900262641158053,0.005953055600844789,0.8666373437973182,1,0.05298146083457725
716,0.09007954393670502,0.0008414117943260132,1.0107944739206196,1,0.08312235959583657
717,-0.022037552013473696,0.006013448302785545,1.1525111152284702,1,0.008626040667342731
718,-0.0022663488880893326,0.029620137111394974,1.1253837719113258,0,0.030460217311759467
719,0.09012904839825757,-0.014112138962693874,1.187245099221975,1,0.09744996533099433
720,0.07549118597337104,-0.010413369996129246,1.1336840386490687,1,0.0730372743912116
721,0.14740798091601995,-0.02913396504846561,1.196458453934889,1,0.14958248939217153
722,0.10093550249256403,0.05054497391772808,1.0098473104320562,0,0.15988040617894508
723,0.13718466355607634,-0.01319489456564909,1.0385071666884067,0,0.15317311225725005
724,-0.05429520395415001,-0.027708633117434656,0.8279403637682992,1,-0.08064698950545109
725,0.021658368888421715,-0.006177982772908314,0.9576245809414977,1,0.018585306492428576
726,0.24483799508834453,-0.0022491049610370902,0.9262032530939946,0,0.213297026680081
727,0.09920780465516695,0.03930912002480804,1.1668084074818417,0,0.1429610957864403
728,0.13473929615463165,0.0007020154884939574,0.9324903808988902,0,0.12724386402324833
729,0.08727347371627944,0.01583538561418752,1.154446304366949,1,0.11657938884923938
730,0.10253358569287857,-0.02581559609450461,0.8956794600167187,1,0.07436385515479463
731,0.03690959484718264,0.014159669835633456,1.0327965993523653,0,0.0592205343733986
732,0.4171579218026311,-0.022975924894384894,1.0138583099666847,1,0.3924559619865335
733,0.020384407759030165,0.0037280990233427846,0.839384532762991,0,0.015526342642336027
734,0.056167878225684836,-0.005197419619658656,0.9268585842771818,1,0.0490979673581605
735,-0.1824836325455249,0.01116542994332858,1.194326592188806,1,-0.2234724587543965
736,0.17062666575947216,0.02268817412277261,1.037791897243046,0,0.19718663147211038
737,0.004774705031507287,-0.0167179190159625,1.1306231396261142,1,-0.019070458150557267
738,0.05392058939883587,-0.012728368564448483,1.0877928040169427,0,0.04370639900920734
739,0.007195944911816875,0.01387178011889164,1.1601316424177555,0,0.02175501237293498
740,0.04613170547251544,0.023745714216049887,0.93779355193292,0,0.04824329590685499
741,0.03157529015793702,0.03834750390189592,0.8884257370517076,1,0.06026429863095513
742,0.05569582242193515,0.0005621653929463663,0.8286011112247142,1,0.05565801495780388
743,0.05471985173461533,-0.019829573498217908,1.1367018825069992,0,0.05126850183645999
744,0.04457946885141173,0.01373251439121172,1.0091292080479413,0,0.07767633332116726
745,0.043212277345372044,-0.005892874357759139,1.0877155686828952,0,0.04461769433277866
746,0.1908518452326017,-0.008488403951329616,0.825631145468952,0,0.14252057375917027
747,0.14814169197592583,0.038163541487305726,1.1386167697882281,1,0.20264307339415663
748,0.14874423184465896,0.02237433620174248,1.033078323803761,1,0.168288982390303
749,-0.013244888111177591,-0.004561557285526662,0.8471176885405379,0,-0.00550687431378572
750,0.18568208318483642,0.009625769293166858,0.9993947990732324,1,0.18658926354708075
751,0.17316445091958876,0.008286460237581825,1.0388437536625212,1,0.18541323448292063
752,0.0046595671198435,0.013301912356675823,0.9363020428906357,0,0.016386412240403644
753,0.21238520171998035,0.001881207732841875,1.0844464635200504,1,0.2499544601772302
754,-0.008322594299978947,-0.028001250552740935,1.032533468812804,0,-0.03048936416774494
755,-0.12420318384050771,-0.00952700350011187,1.1361655278098473,1,-0.14701340389956666
756,0.17015259861531726,-0.0006399317050958513,1.1453934287490082,0,0.20058398565340918
757,0.048048121956992436,0.010562235325324484,0.824896949831994,0,0.06942745013584299
758,0.15769215645749826,-0.011645887243602998,1.0585921321164207,0,0.15192357019298952
759,-0.015420216272419143,0.013725698757881623,1.089044433626153,1,0.013365513143997275
760,-0.06617700117470426,0.0023745707763184387,0.8570488926871316,1,-0.04318942539359278
761,0.183187178862397,-0.005189502037796539,1.1533793721452974,0,0.21855340124334102
762,-0.08072685633957674,-0.015405522479288525,1.1425896818343078,0,-0.10617553587791465
763,-0.09610305114373638,0.018929828327828954,0.8557969467492056,0,-0.07020945955173272
764,-0.13255868907643525,0.018484867716459588,1.1533129932566608,1,-0.13984280596628176
765,-0.21944722983075787,0.02600441763577962,1.0586570772725625,0,-0.20825956949702956
766,-0.04391043832643901,0.020985764512605358,1.1147133308264012,0,-0.038077040968449535
767,-0.15694079584120366,0.02248268909589017,1.1194203617538372,1,-0.16252952733848178
768,0.05643945153901704,0.01764157239320264,0.8647328139025175,0,0.08987198793700212
769,-0.16364173503246476,-0.025168193572009175,0.8250689534144269,0,-0.16947573639250332
770,-0.04942734191759898,0.004417622411072944,1.0547952026311633,1,-0.047566567223841866
771,0.2932061996209657,-0.018647649235137967,0.9348995340003124,0,0.2567761100191785
772,0.09451242406120716,0.03738424150986065,0.9041836516314151,0,0.14087250683728655
773,0.06528056754077266,0.009719725505871654,0.8519461115178858,0,0.07199161331497571
774,-0.10207519803198575,0.03539511690970383,1.1437508738031954,0,-0.06742449223125498
775,0.03544023340512288,-0.010606445835679717,1.0285728618652115,0,0.0275624376687466
776,0.06481085631366171,0.008162615682146318,1.1346839638858122,1,0.08702414825803441
777,-0.1005180795787059,0.015267484994177856,1.0227003876665999,0,-0.08540688088496952
778,0.07261806808806189,0.0033819570879297213,0.8194052118788504,0,0.07517514567769173
779,0.17912324570650992,0.013755787994998415,0.8878044921051474,1,0.16886333928429503
780,0.025174188116061973,0.03964326913416764,1.126881163745631,0,0.06211157341032713
781,0.040276363159571504,-0.010638268459986043,0.8765038176952114,1,0.0389827772600958
782,-0.14420964154954236,-0.04275844974576757,1.1649248668652556,0,-0.19674677270419977
783,-0.0799233868609587,0.04201248278666646,0.927901155951928,1,-0.0416778779932243
784,0.1657695101428216,-0.005833244732771222,0.9689503206535062,1,0.15494138543948818
785,-0.00615506465805063,0.03244999392445173,1.0648243923608043,0,0.03087146899905355
786,-0.03297116344424167,0.02303826600541649,1.120023531785355,1,-0.002841500567099287
787,-0.00925831159713568,0.005666264039345571,1.1062361354929597,0,0.007316664335964264
788,0.05425338729991698,0.0176068957928871,1.126554009487427,0,0.09321631966308862
789,-0.05584159108657917,-0.012810685287269847,1.003851183664491,1,-0.06799678569499844
790,0.07265165059702354,0.011717943087855794,0.9287586810552823,0,0.09030846629012815
791,-0.07600076771230593,0.021880804095707668,0.8859689538878742,1,-0.049138527558991764
792,0.13740000020757853,-0.00548665452673055,1.1836824879511625,0,0.16774859353115854
793,-0.045705577733960265,0.002394178057766383,1.0294877472701156,0,-0.046425779119403494
794,0.19202683189321007,0.01625187039502645,1.1875872061293373,0,0.2487847965539787
795,0.05899673472426166,0.036465474193092394,0.9973492092622502,1,0.10818069861972592
796,-0.02456444283952297,0.009936903202544489,0.9500596178699872,1,0.0004665740334717245
797,0.15114606095823158,0.001386803107820616,1.0445322715020244,1,0.16804453229872204
798,-0.07744968791031126,0.007071684509310972,1.1972428288383572,0,-0.08236299341907374
799,0.005293435498259044,0.033203518940107576,1.1458855470786855,1,0.031697389643179696
800,0.05999244733893845,-0.0028302467166291152,0.9638225894898547,1,0.06451855952266575
801,0.04788331967117911,0.003995352057882699,0.8171989676015557,1,0.0416748851574449
802,-0.14085854683706261,-0.0026452155646971096,0.9634769212045261,1,-0.13826796128304736
803,-0.032064654261336645,0.00591366930445514,1.1034716033542633,0,-0.025382347045352836
804,0.07682343424234322,0.014273912046755387,0.8006891666407431,0,0.09167921045454558
805,-0.07198915593599103,0.030677564030422357,1.1330670628660486,1,-0.03599209179002061
806,0.18664292986658462,-0.03249150569487791,0.904133113868578,0,0.13555467359675333
807,0.10951808887859862,0.021109778315240708,0.9464600554741864,0,0.12288553146697084
808,0.008575960928892921,-0.007831797648002974,1.1682733499220141,1,4.801163166578276e-05
809,0.037970753469993616,0.021861400102606267,0.9496505582469561,1,0.06347946935914539
810,0.2461564123831818,0.034792699786024096,0.9912754752108928,0,0.25558470857582166
811,0.15359884508763172,0.029911900239996507,0.9775612762421041,1,0.18383210064523944
812,0.09802191448661718,0.013159175603178553,0.9451648885436764,1,0.10436583081807371
813,-0.08155187704342762,0.026689978679181332,0.8325875992484555,0,-0.042885761133345704
814,0.22296113186459585,-0.00886767872781361,0.9695471518674854,1,0.197196154846288
815,0.16524010688739782,0.008643398284038602,0.9972591683811382,0,0.16928338437202406
816,0.045159461244012905,0.04038942193361974,0.8873223996957249,0,0.09541793856353406
817,0.005030193079121524,-0.0057851105955271705,1.1302605619064026,0,0.0018095054470831512
818,0.04120960612232271,0.013945383300788192,0.9978306191795346,1,0.04888168825503164
819,-0.06019366808669739,0.002616492554443988,0.8954274212582043,0,-0.05583541591169032
820,0.01292144422926593,0.006097830595748227,0.840145589254923,1,0.023259212872533356
821,0.13631605141545158,0.018121423902930228,1.0311307869898079,0,0.13582264669117494
822,-0.1207621277242572,0.004609621895731881,0.9914267916152816,1,-0.08651510623431138
823,0.02859256257577253,0.009931817069237374,1.0860898287845229,0,0.043578491585121684
824,0.07137559728798373,-9.166539224922735e-05,1.1953323919308207,1,0.09279512515564302
825,0.07035680373233286,-0.02650056650341858,0.8801731849431838,1,0.04823348846547193
826,-0.05789369540334256,0.013861882564575042,1.093264422963645,0,-0.0438144744591208
827,-0.05821528913270606,0.018789400733024725,0.9726040733727946,0,-0.023452488436767095
828,0.16891653824583838,0.03764346928408101,0.9581249105651449,0,0.2164953880821591
829,-0.06245290928162911,0.0073626907372592535,0.9155873094474167,0,-0.0579786597624993
830,0.16086509563084367,-0.017894170628187378,0.9430208911023128,1,0.1193901106035447
831,0.011763468489150837,-0.005080163881464853,0.8471414093745515,1,-0.007074980034051121
832,0.16797963503009355,0.020807846906784635,0.9821572864212313,0,0.20781499910079423
833,0.017892149459498588,0.008309409787338497,1.0350304089009983,0,0.016056699465177886
834,-0.05664713206163052,0.015585817683175296,0.9118169905423082,1,-0.01601487341390031
835,0.14565548563934622,0.0029383972302457094,0.9814688562946025,0,0.13522834876193449
836,0.05826087777698028,0.04739617828162342,0.9888154620924059,1,0.12297438457013014
837,0.20485765853244514,0.04455976022562986,1.0638398069928183,1,0.2803626110319042
838,0.1492200085137838,-0.008631912509065762,1.0334112486439622,0,0.14791042207645563
839,0.03705733710562037,0.02818061986221703,1.17739423597707,1,0.07044144582066245
840,0.01503323983370261,0.01608124779629574,1.0104244728250766,1,0.04777434351655078
841,0.06233723432872485,0.010271190505793433,1.042939036675075,0,0.06976024274371678
842,0.07902100178591895,-0.007193759786883613,1.012240214707322,1,0.09341285593206335
843,-0.028174852673180872,0.042430612668952976,0.9380403049662162,0,0.01015121314759641
844,0.14419395730245765,0.03330516682331452,0.8648795123683715,0,0.17188628990300625
845,0.020263650818960255,-0.019142001052382708,0.8065541161826221,0,-0.00972227266598628
846,0.01769722548466876,0.037669826165186396,0.8888229991781317,0,0.045978018323817656
847,0.0059311662627497055,0.00923243459295231,1.023321503455461,0,0.022345607577431148
848,0.08310172673433713,-0.0019558114808567884,0.8109833839341464,0,0.0656355912638673
849,-0.009205260172085533,-0.0095315552915553,0.9271465903545542,1,-0.006652771822541414
850,0.07349701099902942,0.02889640623721472,0.8163974599767667,1,0.12179404674554158
851,0.33666030711018713,0.017997910428710136,1.0746273101823145,1,0.37556496331188843
852,0.05463905399286578,-0.007482926405367808,1.005383552064155,0,0.04395649005737736
853,0.016599526170135166,-0.006221955766619028,1.1569238363526948,1,0.01935357200650431
854,-0.10676892281479011,0.0022495379277280196,1.0518463162401321,1,-0.11557648016375495
855,0.06502219247640693,-0.0002501209128076571,1.0815939953841953,0,0.053539117200178926
856,-0.050923094324960616,0.02055560624305254,1.152890887361441,0,-0.047351107700646364
857,0.022444188102842717,0.017574739861676195,1.1586480708226523,0,0.050979636322947094
858,0.07516075936471431,-0.002712998057209504,0.9474870253390264,1,0.06642259790276514
859,-0.1130989449822152,-0.023150188495498478,1.0339370019616416,0,-0.14708885377469766
860,0.07574627523984585,-0.01667998533699515,0.961418381875239,0,0.06100125380002375
861,0.09045151754260446,0.027401110176609005,1.0265585253209413,1,0.11516821479328948
862,-0.06971000196666516,-0.009896209470819409,1.1764781615148223,1,-0.0777267322007081
863,0.02076908078709125,0.012222703977411906,1.1972647261320044,1,0.06139866079207988
864,-0.12306663621778047,-0.025263150676041957,0.9886887650372203,0,-0.1440874741188497
865,0.21755009358424054,0.01794119671326009,0.8258204844192736,1,0.2070591469539325
866,0.09305632765488447,0.04839052811142039,1.1839764577242136,0,0.15146178266814536
867,0.042041149902089764,-0.01656134462004171,0.8473990250825871,0,0.021909079476159013
868,0.043656416934383734,0.02099394538229445,0.809756951871478,1,0.06617051656325675
869,0.1731443608065768,0.01544923866229218,1.0794497536679366,0,0.18967473623953848
870,0.05058344480793891,0.028357678923082823,1.1396310688848614,0,0.07641866908944292
871,0.09308167712757531,0.00737519361328676,1.0470637260778672,0,0.0967598941012403
872,0.2118629560365495,0.015456498841305299,1.0374694068854773,1,0.24237668211421776
873,0.025383285199780184,0.013639482562989386,0.9314388096245296,0,0.03201433188753159
874,-0.04926353245067322,0.02145685637941519,1.0502861626584388,0,-0.02835011546713042
875,-0.022450057475362106,-0.006782254100472914,1.129864589607774,0,-0.03703303990305272
876,0.20286638344392985,0.013848975227689872,0.9307382419081525,0,0.21363878625842145
877,0.0691428308514057,0.02620651194969051,0.9843276619301289,0,0.09246827764730363
878,0.00976687117303257,0.03335981182849223,1.05688601477292,0,0.0335525564976337
879,0.1573644379799159,0.019914578310473496,1.1126491495909976,1,0.2163144294998549
880,0.15979573856771606,-0.012639130679225641,1.0550483035972773,1,0.18164235014806215
881,0.012435223209356111,-0.021071563510401396,0.8628852329860978,0,-0.002626972948349688
882,-0.03719368370854506,0.018172511216812196,1.0119291268851176,1,-0.009830217389082303
883,-0.09705286010612102,-0.010232875063458139,0.9741509732392214,1,-0.10003331906988877
884,-0.11938889209262371,0.026886692121717563,1.0582142941989237,1,-0.09000516340706347
885,0.03350135481540031,0.004244312728777604,1.058395212971766,0,0.028982868703359022
886,-0.0293195947036793,0.03023231886785961,0.8389667515677659,1,-0.0008880462182233543
887,0.24584744098061856,0.0525163324921758,0.8554627141590385,1,0.2736712689889308
888,0.06585377546950241,0.008753546496169268,0.8350066333247663,1,0.05687400314770737
889,-0.13421495432511604,0.007679992270620523,0.838360143007764,0,-0.08663570914273189
890,0.20187292755100625,0.030269858984055584,1.009722569862681,1,0.23125520364011645
891,0.07617103094175957,0.031278100555793845,0.8010923026555165,1,0.10277354993071103
892,0.13049794803731055,0.044032163362254906,1.1131100589874343,0,0.17690102599354823
893,0.128203477683341,0.013931392386323401,1.027461433665841,1,0.15046827260847087
894,0.08965565672865392,-0.002657339166846493,1.088411944011554,0,0.09910307486799497
895,0.11233426304345435,0.01015427314508388,0.9922377621376921,0,0.11732772836505818
896,0.08387606717297054,-0.002472583862395272,1.1626757808279524,0,0.08873662715723124
897,-0.050638590596543714,0.01479619406857418,1.1291291111600614,1,-0.040078480773811605
898,0.0966732198142474,-0.007364793757339455,0.9993365483973776,0,0.10229853247877978
899,0.16239055049925405,0.028040129126365457,0.8976807012169487,0,0.18393308221982801
900,0.038994358735418205,0.023949803091758814,0.8505967856737303,1,0.07317970305529516
901,0.11513022180697555,0.012780666078353346,1.1372305942645036,0,0.15409849750197785
902,0.10195891451980618,0.010511530935118817,1.070749257196843,1,0.13988183084301814
903,0.24156520639191073,0.0060711416363774875,0.9060687201353285,0,0.23306426815088158
904,0.03472496993002396,0.036245104070432674,1.0904400774192626,0,0.05129543941371426
905,0.030799583722975865,0.03374834965379226,0.9231907636555045,1,0.07361206664324492
906,0.048306825985325035,0.012914337091555561,0.9019100439726244,1,0.06599145012245193
907,0.049760892489630996,-0.007132997542119905,1.0956735107779143,1,0.050175428347072046
908,-0.16726177109543022,-0.01353696638379224,1.0958150690388402,0,-0.21155106516972136
909,-0.00426098414665714,0.015752414260754716,1.1295479598625722,1,0.009132263275765162
910,0.08998850665457732,-0.0027612387483279075,1.1399109953165103,0,0.09648560028866239
911,0.05917434853321464,0.019518677447522434,1.0187029973689146,0,0.08854882236695792
912,-0.01993391541971329,0.002266089252604784,0.9031874031405261,1,-0.0035380579144807297
913,-0.00647792521753808,0.025475087184772212,1.0422096727346557,0,0.007128422492790361
914,0.024438687170304098,0.014148304889577409,0.9195689810349359,0,0.0427172765567332
915,-0.02015717808024206,0.029961061239035088,1.117154843239223,0,-0.011753446797080288
916,0.008694938955659946,-0.034678105045885844,0.8475707840258686,0,-0.031574880440211686
917,0.006060988052146561,0.00545899508350268,0.9305520184913518,0,0.01093803784471922
918,0.1495370846607177,0.054335762665336705,0.8152005184170227,0,0.18370857000015015
919,0.1616391268541077,-0.04006322023473875,0.9781803995390108,0,0.11547058762808982
920,0.15335850943946727,0.026853044345703243,0.8560192423668727,1,0.1687470980898808
921,0.10267017991752182,0.01836007481537884,1.1890696693525618,0,0.14339560153384642
922,-0.010832248441354816,0.03571402108698471,0.9422956610991209,0,0.030382225070494383
923,0.15598304499937307,0.0065281640894874335,1.1159478879383216,0,0.18722370303890415
924,0.028574941348057,0.033807088781057586,1.1314715849387214,1,0.06831362529903899
925,0.06230522082594702,0.03433811608277555,0.8368133052826462,1,0.10028721718518993
926,0.19382205319305884,0.01393560185402888,1.0674536173092055,1,0.24137513068587077
927,0.06839928561316404,-0.013280237567389658,0.9377029013800903,1,0.05426313836499921
928,0.08472840302376188,0.02826009068163761,0.9192398544753437,0,0.0835216461262015
929,-0.08127794859965895,-0.009468739905703407,1.1017602052771565,1,-0.08743957187313924
930,0.10870092937668535,0.007252468588711735,0.9017068607358386,0,0.10548977324262779
931,-0.038000664730248115,0.028938164883250538,0.9239372455602405,1,0.003648094536804305
932,0.1611939656367902,0.031841354129813974,1.1027079938562732,1,0.20662558668522854
933,0.04154008228271494,0.0030408205359004903,0.9398213215619806,1,0.04245435772479497
934,-0.16361688420171105,0.022539658727475598,0.956976421609048,1,-0.12847046990348332
935,0.024197989743665792,-0.02085073227770942,1.0963884164441664,1,0.008932169974695276
936,0.03719654617140827,0.0005523819746118021,0.8553861835596446,1,0.036823986323408976
937,0.10854752260780923,0.039378377918475566,1.0771491910310305,1,0.15637187880497233
938,0.12705123906471671,0.036867760956922194,0.9292571564015466,0,0.15362523586851318
939,0.027223575527881162,0.02338427672831575,1.137642016664111,0,0.06119267886113676
940,0.16128681948538745,0.007163310283829235,1.047340944012895,0,0.18146218438362074
941,-0.25670553286529063,0.02694520633292353,0.803069697368494,1,-0.18684712924029837
942,-0.011398899802522927,0.009535436159244253,0.8528737476564611,0,0.00195000969021915
943,-0.05123642708371867,0.013364572149867946,1.1002042237600904,1,-0.04529614694162042
944,-0.06541835105849214,0.011767658168122197,0.887917795658287,1,-0.037582694301568145
945,0.15597063713475107,-0.0055104061212359855,0.8068194193506415,0,0.1322492009602943
946,0.14291703990248492,0.024518496226387528,1.095373279825052,1,0.19427749086412888
947,-0.017577002041022194,-0.01139894521150218,1.0690309026236338,1,-0.031772496290570426
948,0.17780570039599602,0.02551689708379517,0.8893077712012467,1,0.18957062186560836
949,0.07014668924524181,-0.009212049411438382,1.0503606066979119,1,0.07330614583444393
950,0.017831589922484715,-0.0044415143179497105,1.0508751972649237,1,0.023850987429620878
951,-0.009292279637243703,-0.04681694711606551,1.1757540475685033,0,-0.06629890479808909
952,-0.017827172646309272,0.006878330965166055,0.8390970152530439,1,0.002212219508842315
953,0.10727748574495347,0.013783779498587171,0.8685760125677519,0,0.11015497913287757
954,0.1250154900967002,0.02654145016106934,0.9208577025737626,1,0.1371030311063371
955,0.08385012121879092,0.03621752019397359,1.1065748666690567,0,0.13261782659016566
956,-0.14502176773830971,-0.01980426855658865,0.9887555676122177,0,-0.16765606769611932
957,0.08963586560529044,0.02969654974159791,0.9472752301023329,0,0.10562926176003841
958,0.11653965640388059,0.0007193149279968655,0.9525357752304686,1,0.11272647202629031
959,-0.006920560546444923,0.008558798035847368,1.0032272783913814,1,-0.0028893721757426256
960,0.06432505428983533,0.00789463288855156,0.9299648530340286,1,0.06553177871812857
961,-0.12638842993007476,0.0010097065836061243,1.0726920042564356,0,-0.11975822086755677
962,-0.0629969061679773,-0.007798221137658675,0.8100529921003032,0,-0.07178506799595435
963,0.027576465175947286,0.015584334304279756,1.0391204438503125,0,0.052044631985194226
964,0.029024885598389377,0.026222900893123,0.9441808173610609,1,0.0632977229186529
965,0.09516793717496017,-0.015195434255199874,0.991559745298211,1,0.09940065637438007
966,-0.05869253865294101,0.009610824872533553,1.1012017770930507,1,-0.03000843382021482
967,0.025879393537932692,-0.0025802450937340623,0.8141960472863669,0,0.017040257464796836
968,0.011022021958659096,0.03191843555637172,0.8866296527484332,1,0.04985747659574303
969,0.11280104739792081,0.019871590938893586,1.004577216799926,1,0.1388384437513665
970,0.20210427683683313,0.04017410228850711,1.0469105126743568,1,0.24573093031914928
971,0.23209203198100753,-0.020975300028982707,0.8740587519818642,0,0.17751208985391412
972,-0.09684400468313575,0.03068393200722322,0.8780262243421666,1,-0.02166366322084168
973,0.05519858082495427,0.013253308209771466,1.0495215016768018,1,0.08042211083184045
974,-0.051252931024476533,-0.0045034689959053634,1.0895070089189787,0,-0.07590597007785785
975,0.05352550485137602,0.019784069871174065,0.9799630956749876,1,0.08356413756882335
976,0.10229192796159489,0.041320665456550505,0.9783640215681046,1,0.15693944706555288
977,0.06814908987034117,0.04209228249345832,0.960066462646328,1,0.11960383797200118
978,0.055098830120553915,0.026444364085132115,0.9009780607212629,0,0.061489271658062825
979,0.20830391747653015,-0.009832093716417559,1.1942358923708332,0,0.2415799911569394
980,0.1320989391703909,0.01619726906845069,1.0503462369104155,1,0.1436321160903532
981,0.032734553846221634,0.016848451521599736,0.9425042612171004,0,0.045248014830437666
982,0.062421136089529344,0.03484033245287257,0.9023250734936508,0,0.06329396210454133
983,0.1470897806789399,0.006702496419602488,0.9005594698609222,0,0.1207566940836712
984,0.12097905060392788,0.01031143566031757,0.9269810735716487,1,0.13078079084777536
985,0.017492389629917837,-0.003070173858621803,1.0218758518659967,0,0.025817549348392282
986,-0.11752428411035695,0.023361746412740997,1.032670162773361,0,-0.09916018807207416
987,-0.05846574927726897,0.00569179021692298,1.0646847705154165,1,-0.044721801543832054
988,0.07459792250135151,0.013719571775111773,0.8094914445367656,0,0.09294758259830108
989,-0.11865268526790057,0.0006089997423221489,1.030728005002831,0,-0.1318301532144809
990,0.044760550198357216,0.010944792274648354,1.0325874858328221,0,0.06348630411958184
991,0.014643082381247112,-0.011608260099539884,1.1677062896292911,1,0.023017975678860304
992,0.15992528030472036,0.013217783336508953,0.8926182938681405,0,0.15778707400668274
993,-0.07180438234754558,-0.0020515044845529733,0.8173221398950952,1,-0.05170454305575427
994,-0.13317689789009887,0.023986571088564855,1.1782966000313286,0,-0.1279825257509922
995,0.018035925838989192,0.04694906837009054,1.0253344490018248,0,0.06104096482700296
996,0.12347631315935224,0.026914024842429482,0.8416110642225789,0,0.14345313585405645
997,0.16699185989273518,-0.012398450276672314,0.9304711664078312,0,0.1302070151789436
998,-0.030932701655994294,0.0028140656820299275,0.9565981409555326,1,-0.025809481172127703
999,0.1070263747596186,-0.022193901682349332,1.107190298070967,1,0.10264433139827346
1000,-0.05114304477623545,0.01027140123783953,0.9057291556972156,0,-0.026640689547936663
